#,Resume,LinkedIn Profile,GitHub Profile,Personal Website Link,What type of position are you seeking?,Other,Software Engineering,Web Dev (front-end),Web Dev (back-end),Mobile Dev,Game Dev,Data Science / Analytics,AI / ML,Cybersecurity,Hardware,UI / UX,Project Management,Consulting,None,Other,Start Date (UTC),Submit Date (UTC),Network ID
8zsgc6b8lmj4gyi4rc8zsgkr5tlhq7f4,https://api.typeform.com/responses/files/704aaae921dba2bfd1343df3fda081c6d1ed3f507e5ff44c498bd806625a2476/AcaciaZack_pearlhacks2022.pdf,https://www.linkedin.com/in/acaciazack,https://github.com/thornytree,,Full-time,,Software Engineering,,,,,,AI / ML,,,,,,,,2022-02-11 20:42:39,2022-02-11 20:45:52,dbc1497f33
oclaroi1b5s87m8u83oclare5iyvh0mg,https://api.typeform.com/responses/files/c74f364448c8b09d4f1d809563069c8ccba9de3710c34e627f9db1f865b802e7/mayakrishnamoorthy_pearlhacks2021.pdf,https://www.linkedin.com/in/mayakrishn/,,,Internship,,,Web Dev (front-end),,,,Data Science / Analytics,AI / ML,,,UI / UX,Project Management,,,,2022-02-11 20:23:04,2022-02-11 20:25:19,f6990d605d
mwoas5clrc2nqui0bzmwoavnc0xnwskm,https://api.typeform.com/responses/files/d8b8858e1b9973057fc2feea8317289938123a1d3191d49352908f5b310e881d/PriyanshiChandra_pearlhacks2021.pdf,https://www.linkedin.com/in/priyanshi-chandra/,https://github.com/PriyanshiChandra,,Internship,,,,,,,Data Science / Analytics,AI / ML,,,,,,,,2022-02-11 13:36:21,2022-02-11 13:38:56,0c1c5a5630
1dnxb69qwsoyz9rxaam1dnxwzr2qd1r9,https://api.typeform.com/responses/files/92ed34d7b34692ec576fc7b9b5f9401f48769930ccd57bd3350d75c625d90968/Vasquez_Allyson_2.pdf,http://www.linkedin.com/in/allysonvasquez,https://github.com/allysonvasquez,,Full-time,,,,,,,,AI / ML,,,,,,,,2022-02-11 13:33:06,2022-02-11 13:34:11,7738a1501b
ujzlbttmmt83zeno0ddujzlbttmwmpb2,https://api.typeform.com/responses/files/fc5406de722969e2fe00fede079a9d770201756c6a69d401650e1d8d36065b0c/VidushiGupta_pearlhacks2021.pdf,https://www.linkedin.com/in/vidushigupta2504/,https://github.com/vidushi2504,,,,Software Engineering,,,,,,,,,,,,,,2022-02-11 10:01:48,2022-02-11 10:03:06,a1208aee51
kjs96oaza9ahsmdhbckjs96v61p8rmaw,https://api.typeform.com/responses/files/fb724975b073537123fd2db241ae93481dc2a91c9df3b74450907c508909706c/marcelaestrada_pearlhacks2021.pdf,https://www.linkedin.com/in/marceestrada,https://github.com/meescool,http://meescool.com,Full-time,,Software Engineering,Web Dev (front-end),Web Dev (back-end),Mobile Dev,Game Dev,,,,,UI / UX,,,,,2022-02-11 06:14:18,2022-02-11 06:20:21,5c8801dc23
abkeu7crwmiw6gfyoabkeu7k1yqro8pj,https://api.typeform.com/responses/files/e76de3add66ed6f3e79ea573c0fbfaf78b3ba35b7909a7f4e67e90c3c60581d8/keweiyan_pearlhacks2021.pdf,https://www.linkedin.com/in/kewei-yan-6575851b0,,,Internship,,,,,,,Data Science / Analytics,,,,,Project Management,Consulting,,,2022-02-11 05:55:20,2022-02-11 06:01:37,8b09906d06
zoebbl9fk99d9r793kzoebb7rz9wvy9j,https://api.typeform.com/responses/files/20e617ef47a1834068c557a9f743450fd68ba03b70a0c5d4bc4a7f1719b649cb/kaitlynwang_pearlhacks2021.pdf,,,https://kaitlynwang7167.github.io/site/index.html,Internship,,Software Engineering,Web Dev (front-end),Web Dev (back-end),Mobile Dev,Game Dev,Data Science / Analytics,AI / ML,Cybersecurity,Hardware,UI / UX,Project Management,Consulting,,,2022-02-11 05:26:10,2022-02-11 05:28:05,32b42d76a1
tlhbtxwszgy6tlh0uv44u3whmrns1mkw,https://api.typeform.com/responses/files/c99a35e3da01396a29edc5ceb6772b1ff1256cf852379564a9a9f2ac6908f564/Beatriz_Karoline_Curriculo_.pdf,https://www.linkedin.com/in/beatriz-karoline-cordeiro-silva-aab446181/,,,Full-time,,,,,,,,,,,UI / UX,,,,,2022-02-11 04:08:29,2022-02-11 04:09:42,7346e80702
pwlnsuhx8wn5zwr52jrpwlnsu6t3bdf6,https://api.typeform.com/responses/files/7ad964078d35537d984400360324a92f7c7042969b4aae8bf1192bb39b65b32b/Sharma__Meghna.pdf,https://www.linkedin.com/in/megsha/,,,Full-time,,,,,,,Data Science / Analytics,,,,,Project Management,Consulting,,Product Management,2022-02-11 03:49:30,2022-02-11 03:51:51,2d4dc7cc5a
u68dfcku1f6jc5gik6su68dfck6o6q78,https://api.typeform.com/responses/files/35e924d9ca83975f21cbe5fae126db295153f26a407894ed9f33ed8f65e9543c/sarikasimha_pearlhacks2021.pdf,https://linkedin.com/in/sarika-simha-a43a33189,,,Internship,,Software Engineering,,,,,Data Science / Analytics,AI / ML,Cybersecurity,,,,,,,2022-02-11 03:36:23,2022-02-11 03:47:11,a4ea0042be
diaxf6mak74ofrecmuiadiaxf6icwrgc,https://api.typeform.com/responses/files/718cfdb90b168a61e5097e95df154cb9a9dc130070465a8ec9f37c051bd7d503/Ashna_Patel_Resume.pdf,https://www.linkedin.com/in/ashnatpatel/,,,,"Fall Internship, Full-time roles",,,,,,,,,,,,,,Product Management,2022-02-11 03:39:29,2022-02-11 03:40:49,2d4dc7cc5a
yhibr73w47c2jtd74y4dmyhibr7cxu1k,https://api.typeform.com/responses/files/951f66e7e7a0c4e529989c08175b9eb12a9470ddc71c12b687e93854c2eafb33/addiewilson_pearlhacks2021.pdf,https://www.linkedin.com/in/addie-wilson-705626223/,,,Full-time,,,,,,,Data Science / Analytics,,Cybersecurity,Hardware,,,Consulting,,,2022-02-11 02:51:15,2022-02-11 02:54:09,f93a186aaa
oom5b1g5orehqsd8oyoom5jld1hrgw6h,https://api.typeform.com/responses/files/ba63409737ed3e58f0039648a56b3e55778caa168ff23bde2d87a5ecb4229e2e/JennaGreenwood_pearlhacks2021.pdf,https://www.linkedin.com/in/jenna-greenwood0,https://github.com/jennagreenwood8,,Internship,,Software Engineering,Web Dev (front-end),,Mobile Dev,Game Dev,Data Science / Analytics,,,,,Project Management,,,,2022-02-11 02:37:31,2022-02-11 02:39:12,0f318e8850
qc7qk4a99drw40th8dj8r1eevcqc7qk4,https://api.typeform.com/responses/files/ce4fd46a6053acf6fc35fe92ee23d0957c6d32100d299392ea6cbe4483c2f39c/Oluwadara_Dina_Current_Resume.pdf,https://www.linkedin.com/in/oluwadaradina/,,,Internship,,Software Engineering,Web Dev (front-end),Web Dev (back-end),Mobile Dev,Game Dev,,,Cybersecurity,Hardware,UI / UX,Project Management,,,,2022-02-11 02:14:56,2022-02-11 02:15:52,3c32755d35
lla1iql0ma12c409w8lla1icx8dwxyvi,https://api.typeform.com/responses/files/b8df6f5f676afa6c319bcbc9cfd4e3a7d48976bd3088e2630ba57fc7c023e0f7/simonehenry_pearlhacks2021.pdf,https://www.linkedin.com/in/simonenhenry/,,,Internship,,Software Engineering,Web Dev (front-end),Web Dev (back-end),,,,,,,UI / UX,,,,,2022-02-11 02:08:23,2022-02-11 02:10:51,1f89fb422e
6b8dkckl9l8raheqgn6b8d7jcrojox1u,https://api.typeform.com/responses/files/cf411ea2856dc2f85961559ec39a88f0f8536a7a1f0538ca27adaf5de0e8e904/lilianmanning_pearlhacks2022.pdf,https://www.linkedin.com/in/lilian-manning-031b351b2/,https://github.com/liliacailil,,Internship,,,Web Dev (front-end),,,,,,,,,,,,,2022-02-11 02:02:29,2022-02-11 02:06:25,5514c08f70
3h8ncsw42x0m9fs1tryy3h8ncs912n12,https://api.typeform.com/responses/files/1e33b918fd3c7d75c1f219110a9b1e67c44139a9fdfea529374135f723cf8497/PoojaMathur_pearlhacks2021.pdf,https://linkedin.com/in/pmthr,https://github.com/pmthr,,,,Software Engineering,,,,Game Dev,Data Science / Analytics,,,,,,,,,2022-02-11 01:21:51,2022-02-11 01:22:39,46fccf445b
qsjjvxmkxgchtmwnf1ke65xvq4qsjjvx,https://api.typeform.com/responses/files/748fa99894f40643035f5ad475930492df6f0df9bc1118ebda615f802edc110c/SomerLillard_PearlHacks2022.pdf.pdf,https://www.linkedin.com/in/somer-lillard-62993822a/,https://github.com/somerlillard,,Internship,,,,,,,,,,,,,,,,2022-02-10 23:22:18,2022-02-10 23:26:33,d15bb7a736
nsq88hdfwrfti9sec52nsq88htsrdksu,https://api.typeform.com/responses/files/0aab8d22d776538050a0f15fe9272150e040103f6ca38246614e85a2b32c6276/olawumiolasunkanmi_resume.pdf,https://www.linkedin.com/in/wumirosey,https://www.github.com/wumirose,,Internship,,,,,,,Data Science / Analytics,AI / ML,,,,,,,,2022-02-10 23:12:47,2022-02-10 23:18:28,cd29e116f9
vbrsa6111of30tqzhxrivbrsqc3sb3xb,https://api.typeform.com/responses/files/b12f175216b30869bb033dae8301564c7e368eb547414d7f5687db413462f0e2/Karlie_Tong___Resume.pdf,https://www.linkedin.com/in/karlie-tong-11b1751ab/,https://github.com/karlietong,,Internship,,Software Engineering,Web Dev (front-end),Web Dev (back-end),,,Data Science / Analytics,,,,UI / UX,Project Management,,,,2022-02-10 22:35:48,2022-02-10 22:38:10,c49c3bc8df
o8kyzckhlypjl9rjo8kykab94zrujdy5,https://api.typeform.com/responses/files/746ab5565d8ff7270dbf35e0c2fb1284c97ecaa536abfe10a3d2abd7b6a1786b/yuyangtan_pearlhacks2022.pdf,https://www.linkedin.com/in/yuyangtan/,https://github.com/yuyangggggg,,Internship,,Software Engineering,Web Dev (front-end),,Mobile Dev,Game Dev,Data Science / Analytics,,,,UI / UX,,,,,2022-02-10 19:17:24,2022-02-10 19:19:18,e8d364a7f3
diw03hpcdwljs7nv9wediw03hm13p8zt,https://api.typeform.com/responses/files/a1488dab01c75799a28ae2366d9353440bf523a1493f2f7cf0f70e34dd1a56ef/choy.elaine.resume.docx,https://www.linkedin.com/in/elaine-choy-159047217/,,,Internship,,Software Engineering,Web Dev (front-end),Web Dev (back-end),,Game Dev,Data Science / Analytics,,,,,,,,,2022-02-10 18:13:29,2022-02-10 18:14:39,cc84b23141
clj9gfwc0dwh16qe8uclj9gfgf4uup05,https://api.typeform.com/responses/files/7b42ed6609bdee2c65cc8e6643c9065a00230fe4c533533bd5cd7473cf34990f/jillo_dell_pearlhacks2022.pdf,https://www.linkedin.com/in/jill-odell/,https://github.com/ljodell-unc,,Internship,,Software Engineering,Web Dev (front-end),,Mobile Dev,Game Dev,,,,,UI / UX,,,,,2022-02-10 14:53:31,2022-02-10 15:13:02,3204322d70
w4elxeq3fdmrqaormyq5w4elxeq40l4m,https://api.typeform.com/responses/files/cd0e596b6c8f9f6181359e26a5ce13b68dd092d48ecc1eb288735f61e3408edb/Ola_M._Alshaikhli_Resume_.docx,https://www.linkedin.com/in/ola-alshaikhli/,https://github.com/omalshaikhli,,Internship,,,Web Dev (front-end),,Mobile Dev,Game Dev,,,,,UI / UX,Project Management,,,,2022-02-10 07:01:50,2022-02-10 07:03:21,d90f695a4c
98hvawps43twxg98hv93b5xif85u6trp,https://api.typeform.com/responses/files/b6a0c5f3b074e187b58e0c82cc11a98976dff26931108e3a77977ed17a3a3984/LilySu_pearlhacks2022.pdf,https://www.linkedin.com/in/lily-su-lzs/,https://github.com/lily0358,,Internship,,Software Engineering,Web Dev (front-end),Web Dev (back-end),Mobile Dev,Game Dev,Data Science / Analytics,,Cybersecurity,,,,Consulting,,,2022-02-10 06:34:57,2022-02-10 06:37:57,e4d19eb990
mpntuuwm1nhc8nkmpntuuni68ar5yxv2,https://api.typeform.com/responses/files/83dd5b59edcba568db95b72604344d0b94b60a4c9122e11198d137cb3913271c/Ming_Hsuan_Lin_pearlhacks2021.pdf,https://www.linkedin.com/in/minghsuanlin/,https://github.com/ming0203-UNC,,Internship,,Software Engineering,Web Dev (front-end),Web Dev (back-end),Mobile Dev,,,,,,,,,,,2022-02-10 03:33:05,2022-02-10 03:37:06,dc50b11f79
5m1zj46qvn4uewv5m1zj78375vzhwphn,https://api.typeform.com/responses/files/e054fbd27090a5087878fb0a00acbd67ea24f95033cf900b5985893afd1df32f/Haley_Parnell_2022_Resume.docx,https://www.linkedin.com/in/haley-parnell-883944210/,https://github.com/haleyparnell,,Internship,,Software Engineering,,,,Game Dev,,,,,UI / UX,,,,,2022-02-10 03:18:05,2022-02-10 03:27:07,8c501eba56
7zx0ueong6w8c697zx0oeavvu6p3f02u,https://api.typeform.com/responses/files/728c96027db142b5eda6059368586a41e4270cbcae5636371f66388ef7404c64/SauryaAcharya_PearlHacks2022.pdf,https://www.linkedin.com/in/saurya-acharya/,,,Internship,,Software Engineering,,,,,Data Science / Analytics,,,,,,,,,2022-02-10 01:52:11,2022-02-10 01:54:06,98b4e56885
h55q9njbfqii9vg42h55q9npieg8ce90,https://api.typeform.com/responses/files/38b6a03f50c93588f52c0e21e95a38363860c212783b52c0e694ed527e5eaee9/Resume__1_.pdf,,,,Internship,,,,,,,,,,,UI / UX,,,,,2022-02-10 01:00:49,2022-02-10 01:01:19,b8c24225e6
ycrwf3zas8wtlxsycrw3ghu96i5h3xol,https://api.typeform.com/responses/files/ae56cc0b382408a0206bc3c638e9e48e60f1c813755ee4c96e92726d146bdac0/Denise_Stroud_Lanser_Resume_2022_2pg.pdf,https://www.linkedin.com/in/denise-stroud-00346714/,,,Full-time,,,,,,,,,,,UI / UX,Project Management,,,,2022-02-10 00:35:24,2022-02-10 00:37:23,ab9573d6ae
2qohdb3tqakiq4fx42qohdf6dl1gt4f1,https://api.typeform.com/responses/files/3344f76a5c987506e8347486308b059ddc77fb5fa3680c18f5aa76fa264a3f61/Poojha_Palle___Official_College_Resume.pdf,https://www.linkedin.com/in/poojha-palle-034205196/,https://github.com/poojha-p,,Internship,,Software Engineering,Web Dev (front-end),Web Dev (back-end),Mobile Dev,,Data Science / Analytics,AI / ML,Cybersecurity,,UI / UX,,,,,2022-02-09 23:36:33,2022-02-09 23:37:37,b8f39e3cdf
phkr6t2wyh4vpjphkrbohjrevb7p9mz1,https://api.typeform.com/responses/files/588106350102e32e6928449717a1b67ac07654d6580df05983a34d78666b7e6f/GraceChow_PearlHacks2021.pdf,,,,Internship,,,Web Dev (front-end),Web Dev (back-end),,Game Dev,Data Science / Analytics,AI / ML,,,UI / UX,,Consulting,,,2022-02-09 22:50:57,2022-02-09 22:52:41,03c6440703
3yotn7tx9sf67r2zyeb3yotgg3l7iyqo,https://api.typeform.com/responses/files/2d74513fc97dd18a9726086441988031b0e466c1d8e80b275683e2780f4c8db2/kiannahendricks_pearlhacks2022.pdf,https://www.linkedin.com/in/kiannaamhendricks/,https://github.com/kiannaamaya,https://www.iamkianna.com/,Internship,,Software Engineering,Web Dev (front-end),,,,Data Science / Analytics,,,,,,,,,2022-02-09 22:48:51,2022-02-09 22:50:50,e28ffcd957
vx7f5f3fid33avx7fs8yys21zu1wtdwp,https://api.typeform.com/responses/files/81238ed9197740473fc95e1592009fae38d60aacc979403d538857a9144fb96e/Fariha_Marzan_Resume.pdf,https://www.linkedin.com/in/farihamarzan/,https://www.github.com/Fariha-Marzan,,Internship,,Software Engineering,,,,,,,,,,,,,,2022-02-09 21:57:23,2022-02-09 21:58:14,19aa555f34
ichv699gt48wu76f32ichv6lnyqqv7l0,https://api.typeform.com/responses/files/6e48ce5d218f07200b56d6f582ffb6a3c451a54c5133bde573994e8068c46886/MeganOrtel_pearlhacks2022.pdf,https://www.linkedin.com/in/meganortel,https://github.com/megortel,,Internship,,Software Engineering,Web Dev (front-end),Web Dev (back-end),Mobile Dev,Game Dev,Data Science / Analytics,AI / ML,Cybersecurity,Hardware,UI / UX,Project Management,,,,2022-02-09 21:40:34,2022-02-09 21:42:41,6c6a124a6a
zkrv78mdcr71uczkrv7u779drfrn39m6,https://api.typeform.com/responses/files/cdf383643e5f229b551b93b1f6743c6263ce767a8a679d0863cff57b0c878dc4/annacornelius_pearlhacks2022.pdf,https://www.linkedin.com/in/annacorn/,,,None,,,,,,,Data Science / Analytics,,Cybersecurity,,,Project Management,Consulting,,,2022-02-09 20:59:55,2022-02-09 21:02:01,069d67d14c
obqjjvy3pwqit1bj4pqkwobqjjvy30hn,https://api.typeform.com/responses/files/80bf7b27be843e57b1d61618346f884cc742787ffe7c26e5f84b2786388fb32b/DaqiJenChen_pearlhacks2021.pdf,https://linkedin.com/in/daqi-jennifer-chen,https://github.com/daqichen,https://daqichen.github.io/,Co-op,,Software Engineering,,Web Dev (back-end),,,Data Science / Analytics,AI / ML,,,,,,,,2022-02-09 20:43:36,2022-02-09 20:50:59,544e100509
1jg187esmk5sxi271jg18il6t259pls3,https://api.typeform.com/responses/files/052183146fd14712bd356fa2f3993a4811314f4db1dff058de68b51e7c2e1f7f/lucyhao_pearlhacks2021.pdf,https://linkedin.com/in/lucy-hao,https://github.com/lhao03,https://lucyhao.xyz/,Internship,,Software Engineering,,,,,,,,,,,,,,2022-02-09 18:26:42,2022-02-09 20:18:11,b67fff96e6
pcwn1qtiyufj9ljpcwn9qdz47jp78qc2,https://api.typeform.com/responses/files/82db3f26b9c02505ef564c1185bc5a6d8f6d8b567476617c0a3aa839089cad43/melissamarcus_pearlhacks2021.pdf,,,,Internship,,,,,Mobile Dev,Game Dev,Data Science / Analytics,,,,,,,,,2022-02-09 19:39:52,2022-02-09 19:40:54,1fc6b11a94
16jtcpuayokrgxrm516jtcpu00xhqzrv,https://api.typeform.com/responses/files/60af531172da1b4c6312165223a0febffb20a05239febaf389e73ba9fcb61fc7/YulimKim_pearlhacks2022.pdf,https://www.linkedin.com/in/yulim-kim-3377b1201/,,,Internship,,,,,,,Data Science / Analytics,,,,,,Consulting,,,2022-02-09 19:37:08,2022-02-09 19:39:19,bdcce04b43
3wq18ft08r6kjyvkk3wq181ut62c6hpq,https://api.typeform.com/responses/files/21fc4c0596df463ba11667823f28570f2ffbcd5c2a877f793a64e278d5833163/Yasmeen_Abdul_Azeem__pearlhacks2021.pdf,https://www.linkedin.com/in/yasmeenazeem,,,Internship,,Software Engineering,Web Dev (front-end),Web Dev (back-end),Mobile Dev,,,,Cybersecurity,Hardware,UI / UX,,,,,2022-02-09 19:35:14,2022-02-09 19:39:12,9b70b7b17f
j6ntatd9guf9gl7j6ntata07m3ao9tt0,https://api.typeform.com/responses/files/d724b662eb75ca7da1d5d14408cbd08f98c72b3e055a02e611ea32582c672df7/Annie_Pi_latex_resume__1_.pdf,https://www.linkedin.com/in/annie-pi-981224161/,,,Internship,,Software Engineering,Web Dev (front-end),Web Dev (back-end),Mobile Dev,Game Dev,Data Science / Analytics,,Cybersecurity,,,Project Management,Consulting,,,2022-02-09 19:34:25,2022-02-09 19:38:13,2afc808567
0ldky9jkarh3ot518uacbggz0ldky9je,https://api.typeform.com/responses/files/6de61022bcde750a776fbb38336cb6b49d1c82c5e2999034df42c4374bdd608d/riarajesh_pearlhacks2022.pdf,https://www.linkedin.com/in/ria-rajesh-605b991b3/,,,Internship,,Software Engineering,Web Dev (front-end),Web Dev (back-end),Mobile Dev,Game Dev,Data Science / Analytics,AI / ML,Cybersecurity,Hardware,UI / UX,,,,,2022-02-09 19:14:50,2022-02-09 19:16:44,17c3e15d54
felilxmieqofo8o5k6q47felilxkd59c,https://api.typeform.com/responses/files/7508a6991dbc997d2a5010a41b2c1a285fa63b556bea5e110299f67825d82108/Resume_Anu_Sharma.pdf,https://www.linkedin.com/in/anu-sharma-2002/,,,Internship,,Software Engineering,,,,,,,,,,,,,,2022-02-09 19:09:30,2022-02-09 19:11:59,f5ecf44a47
al7emtywfgomip70prkval7emtjwxod3,https://api.typeform.com/responses/files/20f2118bef6a83dd75bae9d09904fd24bade97e2d4b6e88ced54c933ce0ab909/Resume_of_Margaret_Beisenbek.pdf,,,,Internship,,,,,,,Data Science / Analytics,,,,,,Consulting,,,2022-02-09 19:05:20,2022-02-09 19:06:25,582e39da19
uo52x0ov31aquyl0vuo52xx1fh84jtc8,https://api.typeform.com/responses/files/1ac40d12d197681d958ec9746782b45fdbd81bbb703054adcb28886374991e39/Benis_Tambe_Resume.pdf,https://linkedin.com/in/tbenis,https://github.com/tbenis,,Co-op,,Software Engineering,Web Dev (front-end),Web Dev (back-end),,,Data Science / Analytics,AI / ML,,,,,,,,2022-02-09 18:55:56,2022-02-09 19:00:34,f66bc18508
mc7fta80uzdf24zcmc7ftxxkexeb7mxe,https://api.typeform.com/responses/files/2a55f952dd97f1171499e821a74c9d8eedf11a50904cec4a83aa8e96bd40b1f1/Resume___Sahana_Ramamurthy.pdf,https://www.linkedin.com/in/sahana-ramamurthy-75389022a/,https://github.com/sahana1226,,Internship,,,,,,,Data Science / Analytics,AI / ML,,,,,,,,2022-02-09 18:37:02,2022-02-09 18:40:21,303aa1c02d
n580noz2qfsgogn580ge1pf5dnks4cbe,https://api.typeform.com/responses/files/6160046764cad9572fdb733a44e5a1d6fc868b01567442e87c14de46d9713b98/PerezCaroline_Resume_2022_01.pdf,https://linkedin.com/in/carolineperezz,https://github.com/clperez3,,Full-time,,Software Engineering,Web Dev (front-end),Web Dev (back-end),,,Data Science / Analytics,,Cybersecurity,,,,Consulting,,,2022-02-09 18:32:00,2022-02-09 18:35:45,197e78ea34
5e0unvjvf9wi6bc4g5e0unvjxf30bebk,https://api.typeform.com/responses/files/db1eb4d79a197f9d4d06eb342f43eb3fd3bd592a8e9545724aab5b85d37b81f4/DianaPopescu_pearlhacks2021.pdf,https://www.linkedin.com/in/diana-popescu-a6b429222/,https://github.com/dpopescu3,https://dianapopescu314.wixsite.com/portfolio,Internship,,Software Engineering,Web Dev (front-end),Web Dev (back-end),Mobile Dev,Game Dev,,AI / ML,,,UI / UX,,,,,2022-02-09 18:24:29,2022-02-09 18:27:23,26ce66a041
ttmihronfbq4gttk2xg5kj5b7o416rzm,https://api.typeform.com/responses/files/c44aa269b6d9cd70d3304376c8cfe43323610106647176d9f6362c0b13bd157d/resume_2022.pdf,https://www.linkedin.com/in/yi-christina/,https://github.com/cdyi51,,Internship,,Software Engineering,Web Dev (front-end),Web Dev (back-end),Mobile Dev,,,,,,,,,,,2022-02-09 18:05:21,2022-02-09 18:24:28,a35393824f
5ujk25z21hvb24wv4tisr2nbd05ujk25,https://api.typeform.com/responses/files/8e2576c4bbdc51417d0dab6b6e74c28f49a1ce606d5d28eeca957c9002c865dc/EricaLi_PearlHacks2022.pdf,https://www.linkedin.com/in/erica-li-25335b222/,,,Internship,,,,,,,,,,,,,,,,2022-02-09 17:58:57,2022-02-09 18:08:49,e0e149340b
o9zr2o8szwn0i60nsv6lexeo9zr2omf7,https://api.typeform.com/responses/files/15ac1d7c2ff45eb145f1aaa9cb3714bb7c8d0be9acb45422d5b32f7a1091c141/RanjaniVenkatesh_pearlhacks2022.pdf,https://www.linkedin.com/in/ranjani-venkatesh-157a0b183/,,,Internship,,Software Engineering,Web Dev (front-end),,,,,,,,,Project Management,,,,2022-02-09 17:54:53,2022-02-09 17:57:38,8f35d92fd2
whkaqjb0he103vculwhkaqjb0oudci09,https://api.typeform.com/responses/files/2d2d9b2e7a7bc2dcf7ed49fc67cd4f8c80a61443ec2b28038f518f64feb759db/MumtazFatima_Pearlhacks.pdf,https://www.linkedin.com/in/mumtazf/,,,Internship,,Software Engineering,,,,,Data Science / Analytics,,,,,,Consulting,,,2022-02-09 17:55:05,2022-02-09 17:56:52,8438fdf5cc
nm4uogv0u75mu94yp1v3nm4uoj591gma,https://api.typeform.com/responses/files/75dbf22dfe24ebe1670f9dfa9bd9c98618bfb3b7b0e6c79d5a2d0b4410ccc242/SnehalThakkar_Resume.pdf,https://www.linkedin.com/in/snehalthakkar,,,Internship,,Software Engineering,Web Dev (front-end),,Mobile Dev,,,,,,UI / UX,,,,,2022-02-09 17:55:17,2022-02-09 17:56:16,cb8a0df3cf
j9spj5bxoadufjhifoj9spy7vzpevwi7,https://api.typeform.com/responses/files/988172ca5127fc6ede9b3f79f12e17741407b6a14fff48296aebba5441560d32/Iris_Chien_InternalTranscript_Sp2022.pdf,https://www.linkedin.com/in/iris-chien1/,,,Internship,,,Web Dev (front-end),Web Dev (back-end),Mobile Dev,,Data Science / Analytics,,,,UI / UX,Project Management,Consulting,,,2022-02-09 17:54:30,2022-02-09 17:55:26,9275dfb950
b5e1ffkb9op4km28b57bmk0lynep06zq,https://api.typeform.com/responses/files/c140a49004e9b28d0e151d4af3aca4466614350a60226bc6ae0a3dc23c526a5f/hayleyowens_pearlhacks2022.pdf,,,,Internship,,Software Engineering,Web Dev (front-end),,,,,,,,UI / UX,,,,,2022-02-09 15:58:14,2022-02-09 16:04:00,125c59f322
afxcjdtyhklwkrtm5jwafxqexfybczsd,https://api.typeform.com/responses/files/3ed15f031289f3347dcecb406f7b68bc8cf0e752f5f0a1dc883f81b2356b3a19/Bhoomi_Shah_Resume_2022.pdf,https://www.linkedin.com/in/shah-bhoomi/,,,Internship,,Software Engineering,Web Dev (front-end),Web Dev (back-end),,,,,,,,,Consulting,,,2022-02-09 11:13:26,2022-02-09 11:14:49,7f8e2d1858
y9gq0ynwscd7mty9gqhxva8zybpddzn6,https://api.typeform.com/responses/files/03b59c59f381c23c807cfc0af1e958abcc1c10c67098c32206b40a6fd641bcf0/irenema_pearkhacks2021.pdf,https://www.linkedin.com/in/irene-ma-39a7231b3/,https://github.com/irenexm,,Internship,,Software Engineering,Web Dev (front-end),Web Dev (back-end),,Game Dev,,,Cybersecurity,,,,,,,2022-02-08 23:45:52,2022-02-08 23:48:23,0100c0ed1a
lrpfotb44v601bcibwylrpfotgo5u02m,https://api.typeform.com/responses/files/49854b8c25cd99148eddc60837ae3dce3bd66f7a73964bf7d2e65dcf1024bc84/MichelleLee_PearlHacks2021.pdf,,,,Internship,,Software Engineering,,,,,,,,,,,,,,2022-02-08 23:01:29,2022-02-08 23:03:45,bfe047edd1
aagoon2z5tex6u113aagoon2zrv7g7ng,https://api.typeform.com/responses/files/9f942386597b24ea64c76fe046ff040998a0ba374eb1109c8a4fa12ffae33298/SumaMahavadi_pearlhacks2021.pdf,https://www.linkedin.com/in/valli-mahavadi,https://github.com/smahavadi,,None,,Software Engineering,Web Dev (front-end),,Mobile Dev,,,,,,UI / UX,,,,,2022-02-08 19:52:58,2022-02-08 19:55:38,9686262a1a
6vp3s8isoun1cds06vp3ksdyg8j91nno,https://api.typeform.com/responses/files/ca148be1fadadd386b9ff1135f3e89ae3109be4b3f28086f98aa03bbed259c75/SharonKang_pearlhacks2021.pdf,https://www.linkedin.com/in/dayeonkang28/,https://github.com/breakndream,,Internship,,Software Engineering,Web Dev (front-end),Web Dev (back-end),Mobile Dev,,Data Science / Analytics,,,,,,,,,2022-02-08 16:17:10,2022-02-08 16:18:37,7b4fe474e6
skpryl3bhzp4wvajb2d8skprylsc1m4d,https://api.typeform.com/responses/files/cc5cf1f97101da631d364b0820f1858c413f3c60da65ed57f7ec975309936b4a/Sradha_pearlhacks2021.pdf,https://linkedin.com/in/sradha-sajeev,https://github.com/Sradha-0805,,Internship,,Software Engineering,,Web Dev (back-end),,,,,,,,,,,,2022-02-08 15:53:27,2022-02-08 16:01:37,de355806df
3ggctk5uevzo9r7iz3ggctkx5b4dd29o,https://api.typeform.com/responses/files/27c9bade593371b4c2ad4c08b2710efb78fb646e6df12a9fe9f6b3f783d076c8/Wenyue_Jia_Resume.pdf,https://linkedin.com/in/emmajia,https://github.com/wemmajia,,Internship,,Software Engineering,Web Dev (front-end),Web Dev (back-end),Mobile Dev,Game Dev,Data Science / Analytics,,,,,,,,,2022-02-08 15:37:52,2022-02-08 15:38:39,4706fe0359
ubq2xyftpvs5a8rqd4elj3ubq2xyfqqq,https://api.typeform.com/responses/files/7c07d61b5c89620f5a924314c3365e8410d90e17dcc2e992be09d3d23e645d69/YiranSONG_UNC_Biostatistics__pearlhacks2022.pdf,https://www.linkedin.com/in/yiran-song/,,,Internship,,,,,,,Data Science / Analytics,AI / ML,,,,,,,,2022-02-08 12:11:54,2022-02-08 12:13:06,1a67ec62e4
teu6dbinjm87btf2teu8xg5e6z2nqlpp,https://api.typeform.com/responses/files/04e0fa077d56a386c3fcbf19e62f4b4384d90e954189521c4fe414c637ab9120/MoniqueReed_pearlhacks2022.pdf,https://www.linkedin.com/in/monique-reed-b909a8203,https://github.com/Monipoo0904,,Internship,,Software Engineering,Web Dev (front-end),,Mobile Dev,,,,Cybersecurity,Hardware,,Project Management,Consulting,,,2022-02-08 11:49:28,2022-02-08 11:57:03,d7bd408fad
w2i80tjp5c94orooxmw2i85q5s4nl822,https://api.typeform.com/responses/files/1b0dac01c1122577a1b8c21fb4116bee312dbbfaca89f461a068623f1a2f92fe/jeevakuma_sulaksa_pearlhacks2022.pdf,https://linkedin.com/in/sulaksa-jeevakumar/,https://github.com/jeevakus,,Internship,,Software Engineering,Web Dev (front-end),Web Dev (back-end),Mobile Dev,Game Dev,Data Science / Analytics,AI / ML,Cybersecurity,Hardware,UI / UX,Project Management,,,,2022-02-08 05:33:10,2022-02-08 05:34:52,b64c7b11f6
zlcgq1149sblz99zlcgq50sxrwsqv942,https://api.typeform.com/responses/files/a743d22ea52519d18e026341ea62cc526cf4cc7d748c52c747ae92f7ef4902e9/SamanthaAnthony_pearlhacks2022.pdf,https://www.linkedin.com/in/samantha-anthony22/,,,Internship,,,,,,,,AI / ML,,,,,,,,2022-02-08 04:17:38,2022-02-08 04:23:00,b216d06ad0
ghwhyt6y4f15cutj84ty7ghwhyt6m80y,https://api.typeform.com/responses/files/8ebdbfbd0714b8ac643edcc37706eeb7f63234425114fe1e9f25eee235b8ca79/IT_Elise_Frazier_Resume__October_2021_.docx__4_.pdf,https://www.linkedin.com/in/elise-frazier-89b356180/,https://github.com/ElisefRaz17,,Full-time,,,,,,,Data Science / Analytics,,,,,Project Management,,,,2022-02-08 04:00:59,2022-02-08 04:03:20,703dc401dd
l1l2ippo1ngexhhf7dh4wl1l2ippl8nm,https://api.typeform.com/responses/files/d7bd2766ba0bb181f3e0463c5aa801d13c2fe17b29efef3d98f1967a281d1465/EmeryMorales_pearlhacks2021.pdf,https://www.linkedin.com/in/emery-morales-osorio/,,,Internship,,Software Engineering,,,,,,,,,,Project Management,,,,2022-02-08 03:18:47,2022-02-08 03:23:00,1bb7c144b5
01jhw8jxg0h73zugj01jhw8awfhbkx6b,https://api.typeform.com/responses/files/f7791c2d87ac0da0da4cf325b8f13a10f221129fcbb8dacbf1109853103b6de0/Jeong_resume.pdf,https://www.linkedin.com/in/hejin-jeong-8b938b222/,https://github.com/hejin-jeong,,Internship,,Software Engineering,Web Dev (front-end),Web Dev (back-end),Mobile Dev,,,,,,,,,,,2022-02-08 03:21:27,2022-02-08 03:22:38,cc8d59ab36
2ma91z0ftsccnrxxv2ma97rhk8eg2ut9,https://api.typeform.com/responses/files/2aff7fda3ddc5054b1fd392189ec90822498a80604c56f2aec5bea41294d40b2/savithapatil_pearlhacks2022.pdf,https://www.linkedin.com/in/savitha-patil/,https://github.com/savithapatil,,,summer '22 internship OR spring '23 full time (I'm going to be a december '22 grad),Software Engineering,Web Dev (front-end),Web Dev (back-end),,,,,,,UI / UX,,,,,2022-02-08 03:02:59,2022-02-08 03:07:52,650b8c39b7
3kv6e35hsdata6or422mxo43kv6e35sw,https://api.typeform.com/responses/files/ea6e33984e272b18b4b6125785eefeef00639aebf6071a1284df62e1baf7110e/lamishammouda_pearlhacks2022.pdf,https://www.linkedin.com/in/lamis-hammouda-21967118a/,,,Internship,,,,,,,Data Science / Analytics,,,,,Project Management,,,,2022-02-08 01:27:08,2022-02-08 01:35:33,4a726d646a
hm04nn9j761opyphm0l2slmfru7cu44p,https://api.typeform.com/responses/files/446810d3dac5cc1696409be995b1b1264d6555e13c976aca0a49ef6110827a47/Loreena_Alfonso_Resume_Software.pdf,https://www.linkedin.com/in/loreena-alfonso-7780241bb/,https://github.com/lalfonso00,,Co-op,,Software Engineering,,Web Dev (back-end),,,,,Cybersecurity,,,,,,,2022-02-08 01:30:34,2022-02-08 01:32:31,96484d99da
deatiw475tczb928sjdeatyomabz6i3n,https://api.typeform.com/responses/files/6e000868a2e9fb6c40faa3a655bb6f36c902c97bf4e64f45477d2038beb2ff3d/DeneLogan_PearlHacks2022.pdf,https://www.linkedin.com/in/dene-logan/,https://github.com/DeneLogan,,Internship,,Software Engineering,Web Dev (front-end),Web Dev (back-end),Mobile Dev,,,,,,UI / UX,,Consulting,,,2022-02-07 22:57:59,2022-02-07 22:59:43,1ce707467e
wm9f23yczf8perob16zyuwm9f23yb6cl,https://api.typeform.com/responses/files/f1dd12f1f05ae8e2d22aa6fbdb2c892e249cf480d455e51b01c0791b11cc3356/Esha_Sidhu__Resume.pdf,https://www.linkedin.com/in/esha-sidhu/,,,Internship,,Software Engineering,Web Dev (front-end),,Mobile Dev,Game Dev,,AI / ML,,,UI / UX,Project Management,,,,2022-02-07 21:05:02,2022-02-07 21:05:38,55fb3d9ad0
gmj8esbcoj4gzsgmj8ee23do9yz947qa,https://api.typeform.com/responses/files/3a0522f47e7b508ff977ad1e745a6a07bcb64f927108b16c4829bc7fc60277cd/lindaliu_pearlhacks2021.pdf,https://www.linkedin.com/in/linda-liu1/,https://github.com/lindaliu1,,Internship,,Software Engineering,Web Dev (front-end),Web Dev (back-end),,,Data Science / Analytics,,,,UI / UX,,,,,2022-02-07 20:27:57,2022-02-07 20:47:34,15ad8e8917
sv1zhlg5hndbt6i5fhjsv1zh3521kuul,https://api.typeform.com/responses/files/89a5261972a2cdff340353cec2457dbe820bbaf82e425b01ece74841b6030a3a/Resume_FINAL__1_.pdf,https://www.linkedin.com/in/shefalipai/,https://github.com/shefali-pai?tab=repositories,,Internship,,Software Engineering,Web Dev (front-end),Web Dev (back-end),,,Data Science / Analytics,AI / ML,,,UI / UX,,Consulting,,,2022-02-07 18:39:32,2022-02-07 18:40:58,0d41d05c4c
759brawwuh8msggaj8fnmy4759braxxh,https://api.typeform.com/responses/files/5892a68ae0ddf4099dfacdda5db32c029a9275b7fbc039c687cce91a7b5c85f4/sophialin_pearlhacks2022.pdf,https://linkedin.com/in/sophia-lin-5568041ba,https://github.com/slin02,,Internship,,,,,Mobile Dev,,Data Science / Analytics,AI / ML,,,,Project Management,Consulting,,,2022-02-07 18:34:56,2022-02-07 18:39:26,6bae8a5e92
tr07wu06a27akpbb7nohptr07wh6dgou,https://api.typeform.com/responses/files/cfe19a9b9ee5d0f335160fa3f860e8325b097abcb6a885ada36a7284e40507a8/Final_internship_resume_2022.pdf,,,,Internship,,,,,,,,,,,,Project Management,Consulting,,,2022-02-07 17:25:56,2022-02-07 17:26:24,11d166bcd7
edc3bypppfwt4s78i7yedc3bpc1ffjcd,https://api.typeform.com/responses/files/410e410fbde4d0c282bfb9aa01a03055a5893e172a7d09c11dca039757b2f6a4/SsnehaBalasubramanian_pearlhacks2021.pdf,https://www.linkedin.com/in/ssneha-balasubramanian/,https://github.com/Ssneha-Balasubramanian,,Full-time,,Software Engineering,Web Dev (front-end),Web Dev (back-end),,,,AI / ML,,,,,,,,2022-02-07 17:10:19,2022-02-07 17:12:41,a4e15767c5
30d7alkqcludvm9ywpmefq30d7ar46yk,https://api.typeform.com/responses/files/59ea1b4758f6d12c44748f9a4b8aca439de8df883f3a675946f8ca2887a58fb3/Resume_2022.pdf,https://www.linkedin.com/in/kenishap/,https://github.com/kenisha-p,,Co-op,,Software Engineering,Web Dev (front-end),Web Dev (back-end),Mobile Dev,Game Dev,,,,,,,,,,2022-02-07 16:44:38,2022-02-07 16:45:21,497be51936
iu4x89z18ro797ynzfq4giu4x8dxxxbv,https://api.typeform.com/responses/files/a2a0380f30debc3db70061811526d04c5ca569514e4bde17b4ab806b8530cb2a/carolina_thrill_escapes.pdf,https://www.linkedin.com/in/danyue-zhang-432aa2220/,https://github.com/danyue0428,,Internship,,,,,,,Data Science / Analytics,,,,,,,,,2022-02-07 15:22:34,2022-02-07 15:24:37,01b720cf55
u436hi6izw8qp5u4rknurlydt5rz2gs2,https://api.typeform.com/responses/files/d6a93b3bb555584ac9858b5749d5fa81d8ed72e89e968a0367384d0e42d3b995/Benjamin_Goroshnik_Resume.pdf,https://www.linkedin.com/in/benjamin-goroshnik-36626a189/,https://github.com/bengorosh,https://www.wallstreetkings.org/,Internship,,Software Engineering,Web Dev (front-end),Web Dev (back-end),,,Data Science / Analytics,AI / ML,Cybersecurity,,UI / UX,Project Management,Consulting,,,2022-02-07 15:16:04,2022-02-07 15:17:37,1b0475b849
416s5hyb9w8jl41k6tz84gn8v5g235a4,https://api.typeform.com/responses/files/38054b4c9d4d21a8aeb263221ed955f2b880021c6dde5165c0687ba8d4ce5ec1/Marielle_Belomme_Resume.pdf,https://linkedin.com/in/msbelomme,https://github.com/mbelomme,,Internship,,Software Engineering,Web Dev (front-end),Web Dev (back-end),Mobile Dev,,,,,,,Project Management,,,,2022-02-07 15:16:00,2022-02-07 15:17:07,97b383c8aa
uwpmyy1yt570rdc52o27ruwpmyy1brn4,https://api.typeform.com/responses/files/4ac9dff91d895a962285b237268be774900ff14139f1e05694a698a94118adb2/Resume_S22_01.pdf,https://linkedin.com/in/caicastillo,,,Internship,,,,,,,Data Science / Analytics,,Cybersecurity,Hardware,,Project Management,Consulting,,,2022-02-07 15:06:32,2022-02-07 15:07:42,ce8ad8083a
ozooec1wjt7ee03ujfozooe1gs670zw8,https://api.typeform.com/responses/files/ad018c4b85fa80dc11bca740e60f423cd66b1ddd598cd7ce6035109ee6a4fe34/BaileyDeSouza_resume.docx,https://www.linkedin.com/in/baileydesouza,,,Internship,,Software Engineering,,Web Dev (back-end),,,Data Science / Analytics,,,,UI / UX,Project Management,Consulting,,,2022-02-07 15:00:35,2022-02-07 15:01:40,e130303399
zw83pu4muk729v0zw83v1vu68n4mc31h,https://api.typeform.com/responses/files/eb59741a4cc2a7d09cfc78dd9fc2e0d06e2ba3ea7cb884f062a983e581336b2b/Resume_4_min.pdf,https://www.linkedin.com/in/madison-adams-4643111b3/,,,None,,,Web Dev (front-end),,,,,,,,,Project Management,,,,2022-02-06 22:28:03,2022-02-06 22:29:19,cdef6a6e42
r5f0kplod99qgo8zqwr5f0k43op1s50y,https://api.typeform.com/responses/files/f719eb57447e81d23ecce3fa7b19a62b1e9d10c93231217c9cf2609b1e15e295/Resume_Xudanyang_Zhu.pdf,https://www.linkedin.com/in/wendyzhu2002,,,Internship,,,,,,,Data Science / Analytics,,,,,,Consulting,,,2022-02-06 15:54:18,2022-02-06 15:56:38,660eed21a2
s5zmej6jcz0oqfgkw7s5zmez8jdddyqi,https://api.typeform.com/responses/files/23a54b7a7ae5964203d400c7b5467c2e6621edc217c5d3d73df32b5eefd45871/AlexandraGrey_pearlhacks2022.pdf,https://www.linkedin.com/in/alexandra-grey-248179168,https://github.com/saryn2,,Internship,,Software Engineering,,,,,,,Cybersecurity,,UI / UX,,,,,2022-02-05 02:14:42,2022-02-05 02:19:17,7149b29525
bqv6xk6vonrlj4fjbqv667oreeyq1dnx,https://api.typeform.com/responses/files/c8f1928d53f3ce3d1df10e18c559d63f6b045b5f4341f0e6d1c31304621c4abb/RileyMills_PearlHacks2022.pdf,,,,Internship,,,,,,,,,,,,,,,,2022-02-04 21:42:08,2022-02-04 21:42:49,ce8ad8083a
mj8ydcsixhmddz42kmvmj8ydcines65b,https://api.typeform.com/responses/files/529cb9c0fa80af0ba415c4be0acb0d9b3b227b147c60a4433d3308485b2b3aeb/Amber_Orrange_Resume.pdf,https://www.linkedin.com/in/amber-orrange-54b31611a,https://github.com/amberorrange,https://amberorrange.me,Full-time,,Software Engineering,,,,,,,,,,,,,,2022-02-04 19:36:43,2022-02-04 19:38:28,4c42781c54
0g5l2h6tbywy7t6ndp8ch0g5l2h6s2sn,https://api.typeform.com/responses/files/2ab5fa1887654b462d00c18c047576fa46c27b32a559f2c7f96c3f099d9e050f/Maisha_Mahmood_Resume.pdf,https://www.linkedin.com/in/maishamahmood/,,,Internship,,Software Engineering,Web Dev (front-end),Web Dev (back-end),Mobile Dev,Game Dev,,,,,UI / UX,,,,,2022-02-04 17:37:10,2022-02-04 17:38:04,447936350d
c1etd0i0oyt1nkyc1etd5p1mku9al562,https://api.typeform.com/responses/files/ab0054de3fbb9839da38d805633c6e1c210605c03c7f1bf8a1f1431a0a3232e3/Lauryn_Fluellen_Resume.pdf,https://www.linkedin.com/in/lauryn-fluellen/,,,Internship,,Software Engineering,,Web Dev (back-end),,,,AI / ML,,,,,,,,2022-02-04 07:43:27,2022-02-04 07:44:38,5120d334e6
tv9t8ijt4sxovob8tv9t8ibgx90dtbjv,https://api.typeform.com/responses/files/79f083c5f1b52a3e1048a91ff95ec191c9ff30b9f638ed0b18ab8ad792f5dd9b/AshleyHarmon_Resume.pdf,https://www.linkedin.com/in/ashharmon/,https://github.com/bluelotus03,https://www.bluelotus03.tech/,Internship,,Software Engineering,Web Dev (front-end),,,Game Dev,,,,,UI / UX,Project Management,Consulting,,,2022-02-04 06:49:24,2022-02-04 06:50:59,4ba96445e3
qj1w3k3ohd1obmgj5ehcrqj1w5eibt5r,https://api.typeform.com/responses/files/fee60a51e56451915abab447a3ac895fc94535447631efdb5b86b2e09c77332e/HeejooRoh_pearlhacks2021.pdf,https://www.linkedin.com/in/heejoo-roh/,,,Internship,,,,,,,,,,Hardware,,,,,,2022-02-04 06:06:55,2022-02-04 06:09:51,1677ae78de
cabv1dlr46nuivki7dyp0cabv1dab3jn,https://api.typeform.com/responses/files/be5b723927545667787c3bb99960efa45fdfd281906e574ed07b915cc3e09d00/Shroff_Resume_January_2022.pdf,https://www.linkedin.com/in/malaika-shroff-360523226,,,Internship,,,,,,,Data Science / Analytics,,,,,Project Management,Consulting,,,2022-02-04 03:29:31,2022-02-04 03:42:33,f633ad3540
toz698i2031lqtu4tqdtoz69tbrltnpl,https://api.typeform.com/responses/files/a548a12bf366bfd24fc78dae49073ad6c385995f594a9993cb69de5a6d834dba/Sahara_Begom_Le___Resume.pdf,https://www.linkedin.com/in/saharale/,https://github.com/roadrunnerinthesun,,,Internship/ Returnship/ Apprentice/ Full Time Role,Software Engineering,Web Dev (front-end),Web Dev (back-end),,,,,Cybersecurity,,,,,,,2022-02-03 22:24:26,2022-02-03 22:26:44,f62d1d222d
asmdoxzynh82xvb6h86asmdoxelwy6t9,https://api.typeform.com/responses/files/ddec12de590b55ba5ec68462ff4c50b48bc209eb52cf5cc65c11c3645b393102/NupurJoshi_pearlhacks2022.pdf,,https://github.com/nupurj24,,Internship,,Software Engineering,,,,,Data Science / Analytics,,Cybersecurity,,,Project Management,Consulting,,,2022-02-03 07:14:04,2022-02-03 07:16:42,c8fd5444c3
wisg2zhsogbvfrxl6azy8rwisg2zhs2l,https://api.typeform.com/responses/files/930eb3bac6637025d3da83a97512fbaa2cf8371d718ead92499544699dfd7979/SulaksaJeevakumar_PearlHacks_2022.pdf,https://linkedin.com/in/sulaksa-jeevakumar/,https://github.com/jeevakus,,Internship,,Software Engineering,Web Dev (front-end),Web Dev (back-end),Mobile Dev,Game Dev,Data Science / Analytics,AI / ML,Cybersecurity,Hardware,UI / UX,Project Management,,,,2022-02-02 07:34:23,2022-02-02 07:37:23,b64c7b11f6
da9naa1642itnutmj7s3da9naa1p2fvg,https://api.typeform.com/responses/files/9bb99c53d921b34e2ed93fecb819eaab51b59724d01d379e0f858eb6020ace14/Resume_Shrishti_Shrivastava.pdf,https://www.linkedin.com/in/shrishti-shrivastava-03b151a7/,,,Internship,,Software Engineering,,,,,,AI / ML,,,,,,,,2022-02-02 04:23:44,2022-02-02 04:25:04,3e3f4ac095
gtumdijtjkzdj760uwbrgtumdijhhr5w,https://api.typeform.com/responses/files/b3842dbeaacba1c8c1b2d22e8b1536cb2767a14b9734c20b6c4b579dead53735/AnushaGondi_pearlhacks2021.pdf,,,,Internship,,Software Engineering,Web Dev (front-end),Web Dev (back-end),Mobile Dev,,Data Science / Analytics,,Cybersecurity,,,Project Management,Consulting,,,2022-02-02 03:49:09,2022-02-02 03:51:36,3a6ebff7ee
718e6i5a02c6261ee718mrgvpgbjxk1a,https://api.typeform.com/responses/files/5db2f8c680f98005e1adbf34010473f310b17d6acbac73154249961dba49110d/Mohammed_Lidia_Resume.pdf,https://www.linkedin.com/in/lidiaali,,,Full-time,,,Web Dev (front-end),,,,Data Science / Analytics,,Cybersecurity,,,Project Management,Consulting,,,2022-02-01 19:35:24,2022-02-01 19:36:11,55d8d97ed3
tl94yvqys3hhe9ow3n3tl94yvqysi81i,https://api.typeform.com/responses/files/ccfdcf2ef3021862baddcd3ee70c26919bf25c9c7a22258c909a563fac88115d/Di_Ruiyi_Resume__1_.pdf,https://www.linkedin.com/in/ruiyi-di-9a4a22226/,,,Internship,,,,,,,Data Science / Analytics,,,,,Project Management,,,,2022-02-01 13:18:13,2022-02-01 15:05:24,76c8afeb0a
t6a0idphajnu81n84oj7t6a0idphuium,https://api.typeform.com/responses/files/f70cf505f064ff02d90059b4230b8065fbcd6606a97726700855d2e11a88e26f/Parmar_Anjali.pdf,,,,Full-time,,Software Engineering,,,,,,,,,,,,,,2022-02-01 07:41:03,2022-02-01 07:43:29,38304435c4
lo9ohkbgqaeh2szoxvnqlo9oh25k1u0v,https://api.typeform.com/responses/files/8c86f681c214d5f360cfe7fe9f53f25998389156f6a4b8ebcccc39030625eec9/rileyshopmyer_pearlhacks2022.pdf,https://www.linkedin.com/in/riley-shopmyer-64a366209,,,Internship,,Software Engineering,,,,,Data Science / Analytics,AI / ML,Cybersecurity,,,,,,,2022-02-01 05:24:22,2022-02-01 05:26:06,7c02a8ec3a
w82lnu5jfvhckjjag9z0w82lnuko65a0,https://api.typeform.com/responses/files/deedf19c86e9790bfb334a940cd2c9f22bb0c9813c79b47a4b9df0af1aef9b17/CXU.Resume.docx.pdf,https://www.linkedin.com/in/callie-xu,,,Internship,,Software Engineering,Web Dev (front-end),Web Dev (back-end),Mobile Dev,Game Dev,Data Science / Analytics,AI / ML,Cybersecurity,,UI / UX,,,,,2022-01-31 23:30:37,2022-01-31 23:31:51,4eab1dde87
dh9yhc16z9fpyfedh9ynwgagy1hets2f,https://api.typeform.com/responses/files/5e1f8a918df446a155ddf182e02dd7c5ebbde24747bd55dd48bce15f6bdf6650/Kiara_Casmer_Resume.pdf,https://www.linkedin.com/in/kiara-casmer/,https://github.com/kcasmer,https://kiaracasmer.wixsite.com/portfolio,Internship,,,,,,,,,,,UI / UX,Project Management,Consulting,,,2022-01-31 20:05:56,2022-01-31 20:06:59,8758c3640c
eomh43b326e4prmlbeomh43rwuqg7qtp,https://api.typeform.com/responses/files/e71a43fae4ba1459d23222001d3a2e9be77a26de4218ebd129c96ac2e31fdfd1/CV_Resume__Peiyu_Li.pdf,https://linkedin.com/in/peiyu1,https://github.com/Peiyu-Li-Tara,,Internship,,Software Engineering,,,,Game Dev,Data Science / Analytics,AI / ML,,Hardware,,,,,,2022-01-31 20:00:47,2022-01-31 20:02:45,068148ecf7
lqwxudkld02ablairwbmclqwxudz28wy,https://api.typeform.com/responses/files/502f40a0f46f27018a129d89191e6dd576d0481a1832fd5180b1df34d274f7eb/Joslynn_Odom.pdf,https://www.linkedin.com/in/joslynn-odom/,,,Internship,,,,,,,Data Science / Analytics,,,,,Project Management,Consulting,,,2022-01-31 19:57:51,2022-01-31 19:59:12,af9cd97ea4
pkhst9m5tdzkn8qxsbpkhst1nsnmrrph,https://api.typeform.com/responses/files/21862e9a98b5df949d2e7417dbd1a58898c5f464812ea183b215752824016361/JuliaJanuchowski_pearlhacks2021.pdf,https://www.linkedin.com/in/julia-januchowski/,https://github.com/juliajanu,,Full-time,,Software Engineering,Web Dev (front-end),Web Dev (back-end),,,Data Science / Analytics,AI / ML,,,,,,,,2022-01-31 14:06:42,2022-01-31 14:09:03,2d8d40f6b7
ln87ttn5qamme8poln87tr0z85rzc8mi,https://api.typeform.com/responses/files/a77296bd759d838f7f6234f4c1bac893d0b816574e7c826f7a28d410c0efaea8/Resume_Mana_Nov.pdf,https://www.linkedin.com/in/manaswini-ragamouni,https://github.com/manaswini1920,https://manaswini1920.github.io/,,,Software Engineering,,,,,,,,,,,,None,,2022-01-31 02:29:02,2022-01-31 02:32:35,426700bb08
cfwdm0cvngzdfny8wagcfp94l9kw37z2,https://api.typeform.com/responses/files/cfc96c92bd862fb1b03946971ef45a3da6642d102045abe8f91a42532b3b1a0d/MargaretBeisenbek_pearlhacks2021.pdf,,,,Co-op,,Software Engineering,Web Dev (front-end),Web Dev (back-end),,,Data Science / Analytics,AI / ML,,,,Project Management,Consulting,,,2022-01-30 03:37:58,2022-01-30 03:39:54,561e15ddab
bj7qh01u7earkbj7qyft8qz1ryvc2zrx,https://api.typeform.com/responses/files/c3e91412ce869c68231689a677b8891880f878fa64610357a503bbd7f133974d/JessicaBring_PearlHacks2022.pdf,https://www.linkedin.com/in/jessica-b-b0aa90159,,,Internship,,Software Engineering,,,,,Data Science / Analytics,,,,,,,,,2022-01-29 22:43:26,2022-01-29 22:52:54,d066efc230
ylxi9jq6py7r7bjaylxi90a8vzzpq883,https://api.typeform.com/responses/files/48748e733711ca5c0e290e1ca3252eecf48d6ba4cff082ddcdfb848b5468acc1/XinyiLi_pearlhacks2021.pdf,https://www.linkedin.com/in/xinyi-li-81546522a/,,,Internship,,,,,,,Data Science / Analytics,AI / ML,Cybersecurity,Hardware,UI / UX,Project Management,,,,2022-01-29 20:08:27,2022-01-29 20:12:52,903d2dd3c0
0gcgudd3p7xqyltumerqt0gcgnye7hio,https://api.typeform.com/responses/files/c59956c8cdcabdf11fe68cb6ae68c62b7a65adcc2d5c59677dc110353f004973/xiaohanwang_pearlhacks2021.pdf,https://www.linkedin.com/in/sunny-x-wang,https://github.com/sunnyywang,,Internship,,Software Engineering,,,Mobile Dev,,Data Science / Analytics,,,,,Project Management,,,,2022-01-29 04:16:25,2022-01-29 04:18:16,e7e4ec6f97
vg3pu2h52283wsceezwqnvg3pu2xr9is,https://api.typeform.com/responses/files/42f1fcadd1bbdb3d85e42fff9a8e8c80022f83bd28c5ac0ad75ad830cc46e96e/AmyTin_pearlhacks2022.pdf,https://www.linkedin.com/in/amytin/,,,Internship,,Software Engineering,Web Dev (front-end),Web Dev (back-end),Mobile Dev,,Data Science / Analytics,AI / ML,,,UI / UX,Project Management,Consulting,,,2022-01-28 21:41:26,2022-01-28 21:45:12,97ecf3800f
3vc6ulcs2072cx3vc6uv2whcectvngyd,https://api.typeform.com/responses/files/68ea6c4cc11a0f355572d49825c3f414e13d8487971bb309c3a69bbe235924d9/SoumyaMahavadi_PearlHacks2022.pdf,https://www.linkedin.com/in/soumya-mahavadi/,https://github.com/ssmahavadi/,,Internship,,Software Engineering,,,,,Data Science / Analytics,AI / ML,Cybersecurity,,,,,,,2022-01-28 17:14:49,2022-01-28 17:30:02,db6912ecbe
3qr71464cma6ko9deiuj3qr7146cwxg1,https://api.typeform.com/responses/files/8bcb46b1810c97cc3773cb884e30b947b0d538cd025b62da5f0ab5ed36ea7e06/Pearl_Hacks_Resume.pdf,https://www.linkedin.com/in/delaney-stevens-424a73157/,https://github.com/DelaneySteve,,Full-time,,,,,,,,AI / ML,,Hardware,UI / UX,Project Management,Consulting,,,2022-01-27 22:42:19,2022-01-27 22:46:52,804d9f5140
z3yvvdidoi482yd0ghtq62iz3yvvdmi5,https://api.typeform.com/responses/files/1a5dd5cce9f0622c80cd0c1b93a602bb346bc265b8e1cce878f3a40c5af9aa7a/anjali_mehta___resume__2_.docx,https://www.linkedin.com/in/anjimehta/,https://github.com/anjmehta12,,Internship,,Software Engineering,,,,,,,,,,Project Management,Consulting,,,2022-01-27 18:28:38,2022-01-27 18:30:52,47a77a11a3
2ov0kknqlt759iep259u942ov0kkous2,https://api.typeform.com/responses/files/6e64c88032618a142ae3a99eaf9ea479314e00fb7de7b7e8874a7a35cda2e1b4/IraChandramouli_pearlhacks2021.pdf,https://www.linkedin.com/in/ira-chandramouli-403b181b8/,,,Internship,,Software Engineering,Web Dev (front-end),,Mobile Dev,Game Dev,,,,,UI / UX,Project Management,,,,2022-01-25 20:01:11,2022-01-25 20:04:11,0220a179ae
tob3lcapzjssgbcnvtob7lglmtm7anxm,https://api.typeform.com/responses/files/009422adbef538b59e70cb918d668543f8a324b9019698b75c381a91389744dc/GraceWalters_PearlHacks2022.pdf,,,,Internship,,Software Engineering,,,Mobile Dev,Game Dev,Data Science / Analytics,AI / ML,,,,,,,,2022-01-25 17:39:56,2022-01-25 17:41:55,4a80479f3e
tagxggmlfmlpzwuxtstagyjkrc2d1sgq,https://api.typeform.com/responses/files/66e5698d6afe097e452b4d4ff1381abc0a7669bcd1d19960bbf5aab15641534f/annemariemaier_pearlhacks2022.pdf.pdf,https://www.linkedin.com/in/annemarie-maier-1a6a441aa/,,,Internship,,,,,,,,,,,,Project Management,Consulting,,,2022-01-24 20:09:21,2022-01-24 20:11:42,e2ec1087ca
z36gepa64vzbggvkb4z36ge566ug34nw,https://api.typeform.com/responses/files/1aeb69b2089436491175480968deb37888457e6c40b7bf38b134ef629c1f7009/KiaraCasmer_pearlhacks2021.pdf,https://www.linkedin.com/in/kiara-casmer/,https://github.com/kcasmer,https://kiaracasmer.wixsite.com/portfolio,Internship,,,,,,,,,,,UI / UX,Project Management,Consulting,,,2022-01-24 19:22:46,2022-01-24 19:30:50,b76396764e
hqb4gqgp62f3j3z49rhqb4dyi8aoj8vp,https://api.typeform.com/responses/files/14a376f388b82f0b0ed0af4c90b20a9db4f6cb35959ad7b912b9a58489ffc03e/Gillian_Zech_Resume.docx,,https://github.com/GillianZech,,Internship,,Software Engineering,Web Dev (front-end),,Mobile Dev,Game Dev,,,,,UI / UX,,,,,2022-01-24 18:40:37,2022-01-24 18:42:34,1c58e291b5
g6p2yjvsgtzqngaaog6p2shu3ilfeq6u,https://api.typeform.com/responses/files/97adfc219506378aedac1d8770a39d140e8abd9c9cac5df85b468d93b0b5acc2/LiliEnseling_pearlhacks2022.pdf,https://www.linkedin.com/in/lili-enseling-3a70501a3/,https://github.com/lenseling,,Internship,,,Web Dev (front-end),Web Dev (back-end),,,Data Science / Analytics,,Cybersecurity,,UI / UX,,,,,2022-01-24 16:05:10,2022-01-24 16:06:31,fb7fac0d85
tgvi97vt3fm063otgvi9v1eot7n4srsj,https://api.typeform.com/responses/files/a63d6608bce40d4b25e47e92aadfe488a831e01f0c908562f63439c1bdffd43e/sharonpeng_resume.pdf,https://www.linkedin.com/in/pengsharon/,,,Internship,,Software Engineering,,,,,Data Science / Analytics,,,,,Project Management,,,,2022-01-24 15:29:25,2022-01-24 15:31:12,7760033a28
6uaplplv8bzvkir6uapf1hobv9lgy4zl,https://api.typeform.com/responses/files/958e5388ddcce5a0bccc78802cc4d768314922ec78a28c305b300deb85581be9/Chloe_Muncy_Resume_2022_Internship.pdf,https://www.linkedin.com/in/chloe-muncy/,,,Full-time,,Software Engineering,,,,Game Dev,Data Science / Analytics,AI / ML,,,,,,,,2022-01-24 15:13:47,2022-01-24 15:15:25,7a09d8fd10
toccsp37txhwtp9mztoccsp3rn1w8mz5,https://api.typeform.com/responses/files/2920c83a95b88988675b2dc00d085063344f68c47837157342d4b81d0396138c/Anu_Sharma_Resume.pdf,https://www.linkedin.com/in/anu-sharma-2002/,https://github.com/AnuSharma1729,https://anusharma1729.github.io/Anu_Portfolio/,Internship,,Software Engineering,,,,,,,,,,,,,,2022-01-24 15:11:28,2022-01-24 15:13:09,f5ecf44a47
4b43afq6tlpaefafugp4b43af51ckprr,https://api.typeform.com/responses/files/1655867adda8629235e597870c512011810ae08b611f25e855719aca9a28a83b/camimejia_pearlhacks2022.pdf,http://linkedin.com/in/camille-mejia,https://github.com/camimgh,https://www.camimejia.com/,Co-op,,Software Engineering,Web Dev (front-end),,Mobile Dev,,,,,,,Project Management,,,,2022-01-24 15:07:27,2022-01-24 15:11:25,24d6f7a20a
h4naog5zhuec8omu4fwh4nao465oe116,https://api.typeform.com/responses/files/17ede149c0ec77b58ec72b2af56bc26a510a4968c24335fadf730c0f40845f88/2021SulaksaJeevakumar.pdf,https://linkedin.com/in/sulaksa-jeevakumar,https://github.com/jeevakus,,Internship,,Software Engineering,Web Dev (front-end),,Mobile Dev,Game Dev,,,,,,,,,,2022-01-24 07:32:03,2022-01-24 07:33:14,b64c7b11f6
bcf3f41q5re5t7wbcf3vu6wtyhlsabw5,https://api.typeform.com/responses/files/b74fdc652a058100a61f7e43723a013c99aa921feae27d84e55749cca0f4e31e/femkevargas_pearlhacks2021.pdf,https://www.linkedin.com/in/femkevargas/,,,Internship,,,,,,,Data Science / Analytics,,,,,,,,,2022-01-23 01:22:48,2022-01-23 01:47:04,4b76773344
58tyiege9ju2mrz258tyinfwarldssrp,https://api.typeform.com/responses/files/34afcf1b3d41e20cc494b08e3b8c427a2bf5b75c7130f80a6693e7573d867e8b/annajang_pearlhacks2021.pdf,https://www.linkedin.com/in/annajang,https://github.com/annajangg,,Internship,,,Web Dev (front-end),,,,,,,,UI / UX,Project Management,,,,2022-01-22 05:38:46,2022-01-22 05:45:06,1785cd2e3d
frbs8tct0n1ibko4g97frbsvia830av9,https://api.typeform.com/responses/files/830b84041a65c026c6d6b643d322d3ea88f09123ab8e8c2a215c0f9144c17af3/_Son_Luong__CV.pdf,,,,Internship,,,,,,,Data Science / Analytics,AI / ML,,,,,,,,2022-01-22 04:36:17,2022-01-22 04:38:12,8eb4571366
2cs3e15es34ke1ne2cs3e15fa9n0ie1o,https://api.typeform.com/responses/files/a491db34c3326a0680457e70ec8199526840405f6dac25521848c9b5f8f08b1c/RiddhiDhannawat_pearlhacks2021.pdf,https://www.linkedin.com/in/riddhi-dhannawat/,,,Internship,,,,,,,Data Science / Analytics,,,,,Project Management,,,Product Management,2022-01-21 15:30:52,2022-01-21 15:32:39,820c28993b
ec7p13b59j86qokguec7py0twvqyr1qk,https://api.typeform.com/responses/files/06df1f72de41cc83add1c752ab21356687c61126a979169a823c70bd9ec19e44/FINAL_Resume.pdf,,,,Internship,,,,,,,Data Science / Analytics,AI / ML,,,,,,,,2022-01-21 06:39:18,2022-01-21 06:44:07,28bf853b3a
ftifzdatsm2fphrlp9j20pftifzda41z,https://api.typeform.com/responses/files/9d21a6bc919fea5e10b632d9865d5d5f104bd9ae68bd16fff1dd01bfeb381939/AvigailSpira_pearlhacks2021.pdf,https://www.linkedin.com/in/avigailspira/,,,Full-time,,Software Engineering,Web Dev (front-end),,,,,,,,UI / UX,Project Management,,,,2022-01-20 14:47:33,2022-01-20 14:49:42,5443177f08
w5n1ul99biwijce1s6w5nrqfxieglzbq,https://api.typeform.com/responses/files/1e8aad938ecc8f9249081362354e4fe842e6e6dbc1dd4a29bd21f9138744e0be/PriyanshiChandra.pdf,https://www.linkedin.com/in/priyanshi-chandra/,https://github.com/PriyanshiChandra,,Internship,,,,,,,Data Science / Analytics,AI / ML,,,,,,,,2022-01-20 14:18:51,2022-01-20 14:20:09,a77aecdeeb
21dq1drbhpnot1m21dq1eyxlltrhcmv4,https://api.typeform.com/responses/files/ce7070884f37f5aacb3d605009e4a31b257cac16141b2275545089aba3425fb5/SejalPadmonkar_pearlhacks2021.pdf,https://www.linkedin.com/in/sejal-padmonkar-38a011205/,https://github.com/SejalPadmonkar,,Internship,,,,,,,Data Science / Analytics,,,,,,,,,2022-01-20 02:33:30,2022-01-20 02:37:05,0f9a510a5d
1sk3wxz78hbjsc5ir1sk3w0v8qpn42by,https://api.typeform.com/responses/files/30a118df2336cbafe8678afaadd15af79e65241fb370da86712b36c75ec1ddb6/mohanamurarisetty_pearlhacks2021.pdf,https://www.linkedin.com/in/mona-murarisetty/,https://github.com/motosis33,,Internship,,,,,,,Data Science / Analytics,,,,,,,,,2022-01-19 20:55:15,2022-01-19 21:08:58,85eb888006
km6vm2gnkj2km6yoqhrrgst5e0v11y72,https://api.typeform.com/responses/files/e4a215d093dcc7a8224d9db274cdc042240ac7f80aff07d6340068c2e1db5b4f/lk_resume.pdf,https://www.linkedin.com/in/lasya-kambhampati-3abba81a6/,https://github.com/lasya02,https://neurosciencetoday.wixsite.com/neuroscience,Internship,,Software Engineering,Web Dev (front-end),Web Dev (back-end),Mobile Dev,Game Dev,Data Science / Analytics,AI / ML,Cybersecurity,Hardware,UI / UX,Project Management,Consulting,,,2022-01-18 20:52:18,2022-01-18 20:53:39,ebaceacdd0
34mzvq7mokajima49t434mzvvnmpric2,https://api.typeform.com/responses/files/5105480048e6a8cef12c19e1a708fe0fd4f634cf277842c63f71383af07b199f/olawumiolasunkanmi_pearlhacks2021.pdf,https://www.linkedin.com/in/wumirosey,https://www.github.com/wumirose,http://about.me/olawumiolasunkanmi/,Internship,,,,,,,Data Science / Analytics,AI / ML,,,,,,,,2022-01-18 17:18:35,2022-01-18 17:20:46,cd29e116f9
wfw57sp2acjbog9yqwfw57sp618num90,https://api.typeform.com/responses/files/07f0900e0bcad6dbaac4c688d62504ddd5465c6c08a15ddb0dff2401a0f2665a/jessicawang_pearlhacks2021.pdf,,,,Internship,,Software Engineering,Web Dev (front-end),Web Dev (back-end),Mobile Dev,Game Dev,,,,,,,,,,2022-01-18 15:14:45,2022-01-18 15:40:31,0a487fa110
3skvvd6iobc7xfj63skvvdulus3997xx,https://api.typeform.com/responses/files/f79c64e142dffc0f7cccab1a76fa4f43533472200797946afc91163cff6ec8bf/Asyl_Almaz_Resume.docx,,https://github.com/Asyl-Almaz,,Internship,,,,,Mobile Dev,Game Dev,,,,,,Project Management,,,,2022-01-18 10:50:00,2022-01-18 10:52:56,8243858eb2
l7419duodyudqzsl74190m2ujepjl85r,https://api.typeform.com/responses/files/ff5d02111a6b9172ae4f1ff059672d77716837d2e0d0bd33f30f096f78079078/Elaine_Chen_s_Resume.pdf,,,,Full-time,,Software Engineering,,,,,,,,,,Project Management,,,,2022-01-18 07:40:51,2022-01-18 07:53:41,2636e3df87
7cd3ol65qpeli5dy27cd3olr04mmytr1,https://api.typeform.com/responses/files/45d3ee14d6959615001fd0b4c569cbd908a9cc4ec1264da6f036dde80c70c4c9/JalynAllen_pearlhacks2022.docx.pdf,https://www.linkedin.com/in/jalyn-allen-connect/,,,Internship,,Software Engineering,Web Dev (front-end),,Mobile Dev,,Data Science / Analytics,,,,UI / UX,Project Management,,,,2022-01-18 02:20:13,2022-01-18 02:22:33,ff2b08ba4d
94jlorwlm8hf7yofylaq994jlorys1tf,https://api.typeform.com/responses/files/b0ad5a20e24bfd029eb43c9a91891762e26622b369f5a965a0cd17c7326baac1/Personal_Resume.docx,https://www.linkedin.com/mwlite/in/sylvia-xi-3177891b4,,https://sylviax25.wixsite.com/ibportfolio,Internship,,Software Engineering,,,,,Data Science / Analytics,AI / ML,Cybersecurity,,,,Consulting,,,2022-01-18 01:38:12,2022-01-18 02:19:47,fd5f50cde3
lcypzphxbwkelcsfpsdlcyeoa6ayo13b,https://api.typeform.com/responses/files/a4d93cbee9cdce0a565d3db45a4a1c1d4889746386c8a053063d36491693e4e8/LaurenD_Costa_pearlhacks2022.pdf,https://www.linkedin.com/in/lauren-d-costa-26a026220/,https://github.com/landc713,,Full-time,,,,,,,Data Science / Analytics,,,,,,,,,2022-01-18 01:07:50,2022-01-18 01:22:43,f93a186aaa
7wzyfri7s00fs77wzyfk0f5u2s6o17qq,https://api.typeform.com/responses/files/e944f6dbd06c3f7e4d8f6c0f41f683a2a4b0d3da3d04fa7f1e765a8b429062bd/TiffanieLee_pearlhacks2021.pdf,https://www.linkedin.com/in/tiffanie-lee-b93348168,,,Co-op,,,,,,,,,,,,,,None,,2022-01-17 23:35:08,2022-01-17 23:36:31,16d7152297
vd7o5oyn07jvwp8bvd7ol4xyjs5xjag0,https://api.typeform.com/responses/files/6ba60ec0788882207f745f0e40cc72dd3d368b55f984ab86553ad2e575eeee19/QuynhNguyen_Resume_2022.pdf,https://www.linkedin.com/in/khanhquynh-nguyenle/,,https://medium.com/@Quynh-K-Nguyen,Internship,,,,,,,Data Science / Analytics,,,,,Project Management,Consulting,,,2022-01-17 21:00:28,2022-01-17 21:26:46,c9528fc3d3
pxrhjcz5xpebz8pn7pxrhjcf704bps2n,https://api.typeform.com/responses/files/cdc19d68f56fca5dd44f41be5673fb25fb790e2c3b0089f716b55f606b514455/nataliekeys_pearlhacks2021.pdf,https://www.linkedin.com/in/natalie-keys-404/,https://github.com/nataliekeys,,Internship,,Software Engineering,Web Dev (front-end),,Mobile Dev,Game Dev,Data Science / Analytics,AI / ML,,,UI / UX,,,,,2022-01-17 21:02:31,2022-01-17 21:04:32,4034eaa20c
dvbf6exgqxcptfrcwdvbfohbjs1w6dwi,https://api.typeform.com/responses/files/6d9ffab3c29d08efe1154c06c8697edbe1cc085b37b0a756da3434c041f69b3d/gladdiehuang_pearlhacks2021.pdf,https://www.linkedin.com/in/gladdiehuang,,,Internship,,,Web Dev (front-end),,,,Data Science / Analytics,,,,,,,,,2022-01-17 20:03:40,2022-01-17 20:06:13,0f2c96b6ce
3imnuzh5af5zh4w1m01g3imnuhsa0sst,https://api.typeform.com/responses/files/76cb4a5d108201368c2e3b839989545f930edc9f0331cc3e964e67aad302a229/Resume_Ria_Rajesh.pdf,https://www.linkedin.com/in/ria-rajesh-605b991b3/,,,Internship,,Software Engineering,Web Dev (front-end),Web Dev (back-end),,,Data Science / Analytics,AI / ML,,,,,,,,2022-01-17 19:29:48,2022-01-17 19:30:18,17c3e15d54
950vqp8cm69tmdzjj3950vqpjjxirosp,https://api.typeform.com/responses/files/932c1bca32d41a74839d0890c43449dd3b8ba8c5a2a49d9e6c071c8199993533/VivianDeng_pearlhacks2022.pdf,https://www.linkedin.com/in/vivianydeng,,,Internship,,Software Engineering,Web Dev (front-end),,Mobile Dev,Game Dev,Data Science / Analytics,,,,,,,,,2022-01-17 16:59:20,2022-01-17 17:07:26,f96063ca3f
tw98gxxq2irmw1tw98g7eh3wa4f03mth,https://api.typeform.com/responses/files/21d09e1d6b16abb329ed2d05b6d946af16b1947618cd32dd4df667877c43c16d/SsnehaBalasubramanian_pearlhacks2021.pdf,https://www.linkedin.com/in/ssneha-balasubramanian/,https://github.com/Ssneha-Balasubramanian,,Full-time,,Software Engineering,Web Dev (front-end),Web Dev (back-end),,,Data Science / Analytics,,,,,,,,,2022-01-17 16:57:51,2022-01-17 17:05:01,4cb12f5a2b
cb76f8ntcxsyyjh8jtcb76fquvf3id91,https://api.typeform.com/responses/files/e5e84904ee386254267cdd376e87d0d3f59e499cd6f953c5273d0ba1c03178c0/TalapalaSneha_Pearlhacks2021.pdf,http://linkedin.com/in/talapala-sneha,,,Full-time,,Software Engineering,Web Dev (front-end),,,,Data Science / Analytics,AI / ML,,,,,,,,2022-01-17 16:47:11,2022-01-17 16:58:43,76e903d98c
x1gb1nu555sxwnpzqx1gb1nvuao4w6t9,https://api.typeform.com/responses/files/8efae4fd70945fe819a74fa47ae1f36e3602e88979c73ef6ad4625c9e8f6eb1c/Haley_Parnell_2022_Resume.docx,https://www.linkedin.com/in/haley-parnell-883944210/,https://github.com/haleyparnell,,Internship,,Software Engineering,,,,Game Dev,,,,,UI / UX,,,,,2022-01-17 16:45:19,2022-01-17 16:51:44,63b61d05b6
dbpn2yt6rh5x9pmg5hjd9kdbpn2pjse5,https://api.typeform.com/responses/files/f7ce338d38a59e175bbe2e21cc918d4f394db9f99bca5c424a7e00543700dd9c/EmmaRaat_pearlhacks2022.pdf,https://linkedin.com/in/emmaraat,https://github.com/emmaraat,https://www.york.ac.uk/psychology/staff/postgrads/emr554/,Full-time,,Software Engineering,Web Dev (front-end),Web Dev (back-end),Mobile Dev,,Data Science / Analytics,AI / ML,,,,Project Management,Consulting,,User research,2022-01-17 15:13:30,2022-01-17 15:57:07,8a0aff22f4
71k6awmw186mifuk3tivy3d71k6awgz9,https://api.typeform.com/responses/files/987f76c80b85750803c9bf70206ec950e2d44ac46bc322150908ef98a8cba6d7/jennyzhang_pearlhacks2022.pdf,https://www.linkedin.com/in/jennifer-zhangjjz62/,,https://jennyzhang.squarespace.com,Internship,,,,,,,,,,,UI / UX,,,,,2022-01-15 23:28:11,2022-01-15 23:31:54,53f5b694d1
ljtjb35ydsioalpnzljtjb3a3r0ve1bf,https://api.typeform.com/responses/files/bf38e37b0b06a4aa7f527ae0e2db4f0009bc3600c31d0eff22aff4d1691ddb50/kiannahendricks_pearlhacks2022.pdf.pdf,https://www.linkedin.com/in/kiannaamhendricks/,https://github.com/kiannaamaya,https://www.iamkianna.com/,Full-time,,Software Engineering,Web Dev (front-end),,,,,,,,UI / UX,,,,,2022-01-15 01:02:50,2022-01-15 01:15:06,e28ffcd957
5irndo04zp0p9y3z15ir8sjhjyyobjbw,https://api.typeform.com/responses/files/80b8fa2d2498c4364db19ae27f269fb0d61f05780db28801498cca31cdd34e87/abigailnacional_pearlhacks2022.pdf,https://www.linkedin.com/in/abigail-n-a8ab89b9/,https://github.com/abigailnacional,https://abigailnacional.github.io/,Internship,,Software Engineering,Web Dev (front-end),Web Dev (back-end),Mobile Dev,,,,,,UI / UX,,,,,2022-01-14 17:44:19,2022-01-14 17:46:58,b05b262204
2revs8qxlfrogi0z3ij3j2revs80yvvv,https://api.typeform.com/responses/files/8cc7cc8b6381801cd0655b8913bd3f5bc3274a7ce85bc51f4c4ef43239f3a4f9/Esha_Sidhu___Resume.pdf,https://www.linkedin.com/in/esha-sidhu-06a303211/,,,Internship,,Software Engineering,Web Dev (front-end),,Mobile Dev,Game Dev,,AI / ML,,,UI / UX,,,,,2022-01-13 17:44:51,2022-01-13 17:45:44,f8e7a7195a
wy8grptn01rfq5apqy3gwy898an3zsjv,https://api.typeform.com/responses/files/6a7eefbbc55e3cd9b55be538ad01ddffc2c7cf8b6928046a08457a6bdeb7216c/SanahSidhu_pearlhacks2022.pdf,https://www.linkedin.com/in/sanah-sidhu-445589195/,https://github.com/SanahSidhu/,,Internship,,Software Engineering,,Web Dev (back-end),,,Data Science / Analytics,AI / ML,,,,,,,,2022-01-12 13:53:47,2022-01-12 13:56:04,6bdb777b97
v0xz5sw9n9oqmcx0jchhv0xz5seg3gkn,https://api.typeform.com/responses/files/138fc394269ad3497900859597528ba4d7b29451c1d6de458270b102de407a95/MichelleLy_pearlhacks2021.pdf,https://www.linkedin.com/in/ly-michelle/,https://github.com/lymichelle21,http://lymichelle21.github.io,Internship,,Software Engineering,Web Dev (front-end),Web Dev (back-end),,,,,,,,Project Management,,,,2022-01-11 19:21:18,2022-01-11 19:23:09,f2e928b145
jgc7chwkzwp9e6ls5jjgc7chwo6gng2z,https://api.typeform.com/responses/files/0ae6a27b9a4c3d5397315f3643846f91e3e3ef400bf19d7ea6755a5efebdbdfb/2022_Resume.pdf,https://www.linkedin.com/in/haley-sears/,https://github.com/haleygs/comp110-public.git,,Internship,,,,,,,Data Science / Analytics,,,,,,Consulting,,,2022-01-11 18:16:56,2022-01-11 18:18:13,c07f72874e
y40msisujtrvp0oy406meq1rfss1tmao,https://api.typeform.com/responses/files/2aec11d064032013a54f33fb4b31c83408979e217c4171cd6d37da9baadc48f5/Resume_Vansh_Gehlot.pdf,https://www.linkedin.com/in/vanshgehlot/,https://github.com/VanshGehlot,https://letshack.me,Internship,,,,,,,,,,Hardware,,Project Management,Consulting,,,2022-01-11 07:47:35,2022-01-11 07:49:23,e1c8cd2e9e
w9qo8ql1yls3b7zgat60w9qo8qn093s1,https://api.typeform.com/responses/files/4f178609dfb05eff023cf99b67e1bdbfe34c532169f33730325bc702bbd0fe36/AnoushkaSengupta_PearlHacks2022.pdf,https://www.linkedin.com/in/anoushka-sengupta/,https://github.com/ankasengupta,https://ankasengupta.github.io/,Full-time,,Software Engineering,,Web Dev (back-end),,,Data Science / Analytics,,,,,Project Management,Consulting,,,2022-01-11 05:46:37,2022-01-11 05:48:47,391ed53010
e2k7q7ac6x0oto8zxe2k7q7m2nwhotfw,https://api.typeform.com/responses/files/fbf7444ae3ded855b37489e5a9abe1ecfac41f2713d6624932e38c8f920ac503/LiliEnseling_pearlhacks2022.docx,https://www.linkedin.com/in/lili-enseling-3a70501a3/,,,Internship,,Software Engineering,Web Dev (front-end),,,,Data Science / Analytics,,Cybersecurity,,UI / UX,,,,,2022-01-11 01:22:07,2022-01-11 01:23:48,dcf0ffed81
3z756vcf8q2n9hkk13z756qrfd7hmf5v,https://api.typeform.com/responses/files/b02b3a3dedded47cab10095d0c1fa2b6a14ed94f982d42aa3be6f3d63e8d4c73/LiyaChen_pearlhacks2022.pdf,https://www.linkedin.com/in/liya-chen-7748b7178/,,,Internship,,Software Engineering,Web Dev (front-end),Web Dev (back-end),,,,,,,UI / UX,,,,,2022-01-10 23:36:16,2022-01-10 23:39:18,a25f27eeae
1k6v4u5g8g1j86rjvx1k6v4u3rpkrihq,https://api.typeform.com/responses/files/3102480f96f69e99b938b50768828e0a70c4853bbc0fdbbd70d7f3794a9df08b/sarahwelsh_pearlhacks2021.docx,https://www.linkedin.com/in/sarah-welsh-88045522a/,https://github.com/slwelsh,,Internship,,Software Engineering,,,,,Data Science / Analytics,,Cybersecurity,,,,,,,2022-01-10 20:11:08,2022-01-10 20:14:10,9a85029d92
83nnh9dgni3mqu9yd2683nnh9d1ys285,https://api.typeform.com/responses/files/668ae3293658e0417f5930b10d6d555cdbc87ee0d823e66c17ac6914c61b58ce/Resume___Kayla_Nesbitt.pdf,https://www.linkedin.com/in/kayla-nesbitt/,https://github.com/kaylanesbitt,,Internship,,Software Engineering,,,Mobile Dev,,,,,,,,,,,2022-01-10 19:56:15,2022-01-10 19:57:39,ee43e04fa6
zqb0p9iz7tg8kss8dxklnzqb0p9mm7mj,https://api.typeform.com/responses/files/029220447bed7dd05a2a0006a021ecb2c8b983e4719de8575cf7268ff747e8fb/sonikapuvvada_pearlhacks2022.pdf,https://www.linkedin.com/in/sonikapuvvada/,,,Internship,,,,,,,Data Science / Analytics,AI / ML,,,UI / UX,Project Management,,,,2022-01-10 19:21:29,2022-01-10 19:24:27,d50621f4a5
qx2pb5jjp1uog6l7dqx2pb5sqcrs1lxi,https://api.typeform.com/responses/files/12048150f6ea47f53264de120f860c940a83267dbe164e688f3ba6f87bca204d/Abigail_Kessel_Resume.docx,https://www.linkedin.com/in/abigail-kessel-4241a218b/,https://github.com/a-bigail-kessel,,Internship,,Software Engineering,Web Dev (front-end),Web Dev (back-end),,,Data Science / Analytics,,,,UI / UX,Project Management,,,,2022-01-10 19:20:16,2022-01-10 19:21:16,1e4980fcfa
c10uzmss2sl0j1d04736pc10uzpaensw,https://api.typeform.com/responses/files/f03caf1232c638c52aeb8258088940694fec6aea41e4a135ce347b2ff99cc9f1/Julia_Dwyer___Resume__2_.pdf,https://www.linkedin.com/in/julia-dwyer-software-engineer/,https://github.com/gooliajulia,https://juliadwyerportfolio.netlify.app/,Full-time,,Software Engineering,Web Dev (front-end),,,,,,,,,,,,,2022-01-10 18:20:14,2022-01-10 18:23:07,843d202c1e
frix6e9denvwdxt795pfrix5joejl8ds,https://api.typeform.com/responses/files/b21872e268bd60474443f5c8b699e540f1e21c99429115f7f02362a44cddc832/CMW_12_20_21.docx,https://www.linkedin.com/in/maddisonwooten/,https://github.com/claremw,,Internship,,Software Engineering,,,,,Data Science / Analytics,,,Hardware,,Project Management,Consulting,,,2022-01-10 18:13:40,2022-01-10 18:15:09,59dc1c67cd
f10lemohqg21c8cf1dkzf639z0soshfa,https://api.typeform.com/responses/files/890b28ef7d933deb89346552965b0e96a43d3538c55859e55fac2736b4af6746/Resume_SejalChopra.pdf,https://www.linkedin.com/in/sejal-chopra-331327139/,https://github.com/sejalchopra,,Internship,,,,,,,Data Science / Analytics,AI / ML,,,,,,,Data Engineering,2022-01-10 18:03:46,2022-01-10 18:06:24,9dd0498321
jvm67qza9mv15l4asqgujvm6782f4q6q,https://api.typeform.com/responses/files/b8a7a20753e15fd1fbfbf20503efe0c96376d80590f77e1454f4573fd303b550/malariealexis_pearlhacks2021.pdf,,,,Internship,,,,,,,Data Science / Analytics,,,,UI / UX,,,,,2022-01-10 17:40:04,2022-01-10 17:42:30,bf050cc041
8bdz58hxec1e8bdzttv1sj1bhr12ar7j,https://api.typeform.com/responses/files/6bd498c97bd05a32aa5eaea5bf9dc136d152c42b4978630638140bef1dccf51c/siyayeolekar_pearlhacks2021.pdf,,,,Internship,,Software Engineering,,,,,Data Science / Analytics,,,,UI / UX,,Consulting,,,2022-01-10 15:57:14,2022-01-10 17:00:12,5a395759fc
igizrjjstsvcht97igizwjz8s8nl9kvv,https://api.typeform.com/responses/files/1e3fff0c74a7348b905c10657249c6d5eb7df79464f9786b0b00413c1aab5efc/NaimaSayani_pealhacks2021.pdf,https://www.linkedin.com/in/naima-s-650873172/,,,Full-time,,Software Engineering,,,Mobile Dev,,Data Science / Analytics,,,,,Project Management,Consulting,,,2022-01-10 16:53:36,2022-01-10 16:56:09,afa703a9ae
hdfxw6iskbacjjexp0v4hdfxwko5je3a,https://api.typeform.com/responses/files/aea76a3bd71affdc5b345b972df407bc200558fa26a9149c339a723b76576bc8/Resume___Enam_Dartey.pdf,,,,Internship,,Software Engineering,,,,,,,,Hardware,,,,,,2022-01-10 15:38:25,2022-01-10 16:02:52,9cb1d08d79
rj0va4cby2jphom0hn5rj0va4cmy9pom,https://api.typeform.com/responses/files/da56e676edf8eac2e587b5f7395b51650fc3c4601e70e630f9feec24037e6f84/Eshita_Gangwar.pdf,https://www.linkedin.com/in/eshita-gangwar/,,,Full-time,,Software Engineering,,,,,,AI / ML,,,,,,,,2022-01-10 15:58:19,2022-01-10 15:59:27,a498ff948b
hurmfyuzz0upr20coz3hurms1co5fe5f,https://api.typeform.com/responses/files/bbc6d63b955c7e21f0d124b863df4f991862849abf592910d1f1acfab15850aa/VidyaRamesh_pearlhacks2021.pdf,https://www.linkedin.com/in/vidya-ramesh-,https://github.com/Vidya3030,,Internship,,Software Engineering,Web Dev (front-end),,Mobile Dev,,Data Science / Analytics,,Cybersecurity,,UI / UX,Project Management,Consulting,,,2022-01-10 15:45:39,2022-01-10 15:51:02,a862c74fa9
ypytonivl1jhqpos5he87ypytonpusa6,https://api.typeform.com/responses/files/e73fe75dee9bbe5bfef5f13df43a5601ecaef16f0c08b4ccf03283871514a598/emmazhang_pearkhacks2021.pdf.pdf,https://www.linkedin.com/in/emma-zhang-4377a0a5/,https://github.com/emmazhang23,,Internship,,Software Engineering,Web Dev (front-end),Web Dev (back-end),,,Data Science / Analytics,,,,UI / UX,Project Management,Consulting,,,2022-01-10 15:43:30,2022-01-10 15:45:16,6bb33377e2
39jvcwyurqnic8uy5r2w39j4ux84x443,https://api.typeform.com/responses/files/41202965f1a0437c4fb322a3b49e2af8050545a9fa72a42626323466646f800a/sidneynesbitt_pearlhacks2021.pdf,https://www.linkedin.com/in/sidneynezz,,,Internship,,Software Engineering,,,,,,,Cybersecurity,,,,,,,2022-01-10 15:22:15,2022-01-10 15:25:50,61c0944bec
fl5ft7c7qytoymsxsbn4fl5ft7x6w6s5,https://api.typeform.com/responses/files/2bbdcba8bbf911bce966069e4f3e1965985919a0b8be7d5836aed58a4c62d8ed/jessicatruong_pearlhacks2021.pdf,https://www.linkedin.com/in/truongjessica-tx,https://github.com/truongjessica,https://truongjessica.github.io/,Internship,,Software Engineering,Web Dev (front-end),Web Dev (back-end),,,Data Science / Analytics,,,,UI / UX,,,,,2022-01-10 15:14:04,2022-01-10 15:17:00,288dd37c79
9zhtu226nu97ftbpw729zhtgc6vypo9z,https://api.typeform.com/responses/files/6d77721c3eb4892ccad4864bd7c211e5594893fe64c4288f2367b51926fab938/ErinMaUpdatedResume.docx,,,,Internship,,,,,,,Data Science / Analytics,,,,,,,,,2022-01-10 15:09:57,2022-01-10 15:13:49,b660cacb9f
mny675b7hvr32f0wgun4vmny6e08gswh,https://api.typeform.com/responses/files/a6547fa13548e857dd5efa894bd842619a10900b7a4311961e408e37aa532b00/Iris_Chien_Resume_2022.pdf,https://www.linkedin.com/in/iris-chien1,,,Internship,,Software Engineering,Web Dev (front-end),Web Dev (back-end),,,Data Science / Analytics,,,,UI / UX,Project Management,Consulting,,,2022-01-10 15:08:05,2022-01-10 15:09:26,4dbc34a90e
ebb4jqpko6k3yfebb44rqwactbokm18e,https://api.typeform.com/responses/files/2ecde780e9a666bf9100b5af20cc9e14ca88f9cef27eac6bd96f894cf00b8a0a/Ira_Chandramouli_2021.pdf,https://www.linkedin.com/in/ira-chandramouli-403b181b8/,,,Internship,,Software Engineering,Web Dev (front-end),,Mobile Dev,Game Dev,,,,,UI / UX,,,,,2022-01-10 15:07:35,2022-01-10 15:08:39,501fde635e
uwkffb767oz62ll2tgd83juwkffbe5os,https://api.typeform.com/responses/files/8122a41c7fb8cfae85a64e3d78ad963ca1f548ef3e1b0b4fdd251c8b017e3d38/EmilyYanResume.pdf,https://www.linkedin.com/in/emily-y-2b6355123/,,,Internship,,Software Engineering,,Web Dev (back-end),,Game Dev,,AI / ML,Cybersecurity,,,,,,,2022-01-10 15:00:20,2022-01-10 15:02:25,19ac023b16
yif71v3ymn10rkw7dyif71vp3mem0pwa,https://api.typeform.com/responses/files/3b638989159fdc2a0377ffaf06467e34449c5350b01bd902af58d52f1ac144da/gilleynbunting_pearlhacks2021.pdf,https://www.linkedin.com/in/gilleyn-bunting-1067b6194/,https://github.com/gilleynb,https://opal.ils.unc.edu/~gilleynb/Task%202.03/index.html,Internship,,,,,,,Data Science / Analytics,,,,,Project Management,Consulting,,,2022-01-10 14:23:53,2022-01-10 14:47:00,2c53cdb4ea
1ofsmbgyj0fkwfvls71ofsmj8s0nk3dz,https://api.typeform.com/responses/files/1de742c6ef1bcf5754a19843307dd10e845714481b25a16a575a596c25f6108b/Jenny_Lin_pearlhacks2022.pdf,https://www.linkedin.com/in/jenny-lin-1239a7207/,,https://www.mercari.com/u/470109939/,Internship,,,Web Dev (front-end),Web Dev (back-end),,,Data Science / Analytics,,,,,Project Management,Consulting,,,2022-01-10 01:05:32,2022-01-10 01:08:32,a88456e97f
nmnya8jloqcuhvnnmnxk6qnn4k64f2ht,https://api.typeform.com/responses/files/d8de07f43bb24b9f78976494c254c9d9e883a40804f3fb2a452700a586879a79/PriyanshiChandra.pdf,https://www.linkedin.com/in/priyanshi-chandra/,https://github.com/PriyanshiChandra,,Internship,,,,,,,Data Science / Analytics,AI / ML,,,,,,,,2022-01-04 13:47:54,2022-01-04 13:48:43,534c0402dc
oh8ibihu4j8fjek98oh8i5jmyysaqdjn,https://api.typeform.com/responses/files/598176a2dddb14f4609472037327471df609294ce6080800d1cee39fba3646c0/Elaine_Chen_s_Resume.pdf,,,,Full-time,,Software Engineering,,,,,,,,,,Project Management,,,,2021-12-31 07:04:15,2021-12-31 07:04:37,64d3752b63
hvbvxf2frvkflhvbv8xk5t20pidoen9o,https://api.typeform.com/responses/files/37459ba81166bf81972de1ea19d5bb68d76b12fb7a275cba1d4b4fbd5455050c/MalaikaShroff_pearlhacks2021.pdf,https://www.linkedin.com/in/malaika-shroff-360523226,https://github.com/Malaika-Shroff,,None,,,,,,,,,,,,,,,,2021-12-30 19:09:35,2021-12-30 19:21:09,2172ced23f
rh5a3bq6e0oidlshoupcrh5a3bqah4d6,https://api.typeform.com/responses/files/5fa25764298229f49229dd0dd5ecaad0b4a47dd4d252fc9f61bd2b25cae52689/lasyakambhampati_pearlhacks2021.pdf,https://www.linkedin.com/in/lasya-kambhampati-3abba81a6,https://github.com/lasya02,https://neurosciencetoday.wixsite.com/neuroscience,Internship,,Software Engineering,Web Dev (front-end),Web Dev (back-end),Mobile Dev,Game Dev,Data Science / Analytics,AI / ML,Cybersecurity,Hardware,UI / UX,Project Management,Consulting,,,2021-12-26 05:30:43,2021-12-26 05:36:20,895a0bc3e3
xiwllaki1y5vm7ei0xiwllahmmfsrlcl,https://api.typeform.com/responses/files/ff7a42e9dd0fb944fd91ba394919df55af7a9b50d13e336b8e85dec48f697441/melodygriesen_pearlhacks2021.pdf,https://www.linkedin.com/in/melody-griesen,https://github.com/PikaBlue107,,None,,,,,,,,,,,,,,None,,2021-12-24 21:28:53,2021-12-24 21:30:58,307c9c6b41
3mpp8qs1smbwyiukf673mpp8m6y5r3b3,https://api.typeform.com/responses/files/bb2b829ce79ce8b63c4ad21eac886f21eaa434391171655d751969be8c4a2b50/SanchiBansal_pearlhacks2021.pdf,https://www.linkedin.com/in/sanchibansal340,https://www.github.com/sanchibansal340,https://sanchibansal340.github.io,Full-time,,Software Engineering,Web Dev (front-end),Web Dev (back-end),,,,,,,,,,,,2021-12-20 06:03:05,2021-12-20 06:03:47,0ec1e3ee72
9vxlkxr5cd9zyxsham9vxlkjt1i49um3,https://api.typeform.com/responses/files/214a708c9055d6f8197685dcb835598c7fb1d506c24e4d102a99350c917c9e3d/KatieSchwerer_Resume.pdf,https://www.linkedin.com/in/katie-schwerer/,,,Internship,,Software Engineering,Web Dev (front-end),Web Dev (back-end),Mobile Dev,Game Dev,,,,,UI / UX,,,,,2021-12-18 20:52:30,2021-12-18 20:54:07,d827ea5b1c
wh7vem34gwhhq38wewh7vemmhkslv8lg,https://api.typeform.com/responses/files/ca83605293f716d6e741398d0f1ab0caf608a9db0cc9462cbe3369694963076b/jessicatruong_pearlhacks2021.pdf,https://www.linkedin.com/in/truongjessica-tx,https://github.com/truongjessica,https://truongjessica.github.io/,Co-op,,Software Engineering,,,,,,,,,,,,,,2021-12-08 16:26:56,2021-12-08 16:28:25,8b9a0ce8e7
16nyhxxqmqk2amjy4s16nyhx3eig9mto,https://api.typeform.com/responses/files/71d3ffd1e6e3cef21a1857f8c8a8042ccb6d058c4a401b02ceb60cf8c4f1c566/WinniYongYuYu_pearlhacks2021.pdf..pdf,,,,Internship,,,,,,,Data Science / Analytics,,,,,,Consulting,,,2021-12-06 20:14:48,2021-12-06 20:19:05,6f31a1ad68
koya67rdp6wgwspdln4akoya62c195eg,https://api.typeform.com/responses/files/7cb4ded7ef06734f75c14d9fa4b2280c08d5de73a0c1c101d7a3ff2c67366e0a/Resume___Haley_Sears.pdf,https://www.linkedin.com/in/haley-sears/,,,Co-op,,,,,,,Data Science / Analytics,,,,,,Consulting,,,2021-11-25 18:17:29,2021-11-25 18:18:39,25005ba218
asxatma3l5ze8s0ox50basxp8m1izaap,https://api.typeform.com/responses/files/08ac3bb0acf55d854217e259b06cb2bd232c5857e89e50b72cbad47b9e45bcf3/thile_pearlhacks2022.pdf,https://www.linkedin.com/in/thilehoangy,https://www.github.com/thi-lee,https://www.thilehoangy.com,Internship,,Software Engineering,Web Dev (front-end),Web Dev (back-end),,,,,,,,,,,,2021-11-22 03:03:42,2021-11-22 03:05:12,f87001ce0c
bt3rg148zc6t20jtqxibt3rg1w7htrgk,https://api.typeform.com/responses/files/4aa29287a72e45c87792cb7f772004c0e885b3680333880b6c4f6539c4ec5eb2/Resume__Angelina_Su.pdf,https://www.linkedin.com/in/angelina-su-4784ba18a/,,,Internship,,Software Engineering,Web Dev (front-end),Web Dev (back-end),Mobile Dev,Game Dev,Data Science / Analytics,AI / ML,,,UI / UX,Project Management,,,,2021-11-19 19:24:37,2021-11-19 19:52:29,469902b0ef
b8v5rbxek6ffqtqb8v5rrq2knhp61m1h,https://api.typeform.com/responses/files/1d40449648f26e2cb5cc8b7473a9cb650caca0297da48dc20cb4545c7cb6eee1/Resume.pdf,https://www.linkedin.com/,https://github.com/briannata,https://briannata.github.io/,Internship,,Software Engineering,Web Dev (front-end),Web Dev (back-end),,,,,,,,,,,,2021-11-19 00:41:45,2021-11-19 00:42:25,9ffb29996e
9c5cw3pyhrh910j9c5v3b0jevbszl0cu,https://api.typeform.com/responses/files/4aee61c5d74b835a92ea49ddbe525a6c71ca48246f1b8d7082723c38dcaffb74/irischu_pearlhacks2021.pdf,https://www.linkedin.com/in/iris-chu/,https://github.com/irismeow,,Full-time,,Software Engineering,Web Dev (front-end),Web Dev (back-end),,Game Dev,Data Science / Analytics,,Cybersecurity,,,Project Management,Consulting,,,2021-11-17 07:36:44,2021-11-17 07:39:43,53c0123b41
3trhua8byirkti8q083trhuavqqywuua,https://api.typeform.com/responses/files/88061011b41e0bf561639e3819af39861191b906bd47fa9a628b54cb1e44cd66/thile_pearlhacks2022.pdf,https://www.linkedin.com/in/thilehoangy/,https://github.com/thi-lee,http://thilehoangy.com/,Internship,,Software Engineering,Web Dev (front-end),Web Dev (back-end),,,,,,,,,,,,2021-11-10 21:24:07,2021-11-10 21:25:32,4b85f123f1
qvooyyr2swd8c9vfqvooivj3xm1f4k2y,https://api.typeform.com/responses/files/7ac32c9e5a56a907222e808526262f45948ad0645fc668b5737db3030ffa0683/Resume_Template_2.docx,https://www.linkedin.com/in/madelyn-good-27f/,,,Internship,,,Web Dev (front-end),Web Dev (back-end),,,,,,,UI / UX,,,,,2021-11-08 02:22:35,2021-11-08 02:26:47,ef4b652c53
a5ngjqpsu9jmzq55usra5ngjxy5zov1x,https://api.typeform.com/responses/files/25c2edea5c0c5a684ad7b30d1f813f6cf9652cdd0d6ccca091bbc5bc79fd92b5/Kranthi_Nuthalapati_Resume.docx,https://www.linkedin.com/in/kranthi-nuthalapati,https://github.com/nkranthi28,,Full-time,,Software Engineering,Web Dev (front-end),Web Dev (back-end),,,,,,,,,,,,2021-11-08 01:13:13,2021-11-08 01:14:42,c9542fc41d
x1un2uhsknyzjp93x1un2f6agz9hx8di,https://api.typeform.com/responses/files/a7e9c946fc8297d3d5c14646784cadb7ba40b475b3f5af250a3bdc643567268d/cynthiayan_pearlhacks2021.pdf,https://www.linkedin.com/in/cyan88/,https://github.com/cyyan88/,https://cynthiayan.netlify.app/,Internship,,Software Engineering,Web Dev (front-end),Web Dev (back-end),,,Data Science / Analytics,AI / ML,,,,,,,,2021-11-07 22:11:00,2021-11-07 22:12:24,4ba100e5da
